{
    "SoccerJuggling__21D84C98FE": 0.9812076206008593,
    "JumpingJack__22579A4055": 0.9742543419202169,
    "JumpingJack__8127FBF182": 0.9910439079006513,
    "PullUps__1FCE66C9CE": 0.9751983005553484,
    "WallPushups__9FF6810722": 0.9888863628109296,
    "ThrowDiscus__D4640006EB": 0.9844869603713353,
    "PullUps__6F8F917E2D": 0.9905894840757052,
    "HulaHoop__8098819339": 0.963087743613869,
    "TennisSwing__20A30DDBA1": 0.9861226384838422,
    "ThrowDiscus__1710B3FDF4": 0.9835012629628181,
    "BodyWeightSquats__07050FC646": 0.9445174261927605,
    "JumpingJack__84B8D15544": 0.9633744163438678,
    "PullUps__AE9B542F38": 0.9942216607742012,
    "SoccerJuggling__1D8184510A": 0.9557737976312637,
    "WallPushups__BDFCEC93E9": 0.9701722557656467,
    "BodyWeightSquats__46F7E2CECC": 0.9832246258854866,
    "PushUps__BC73F19D56": 0.9896983303129673,
    "PullUps__6691BD66D4": 0.9901051248113314,
    "ThrowDiscus__3EEC099CCF": 0.9953031381592155,
    "WallPushups__4D4B941D73": 0.9558846680447459,
    "PullUps__B8E14E74EC": 0.9940533399581909,
    "BodyWeightSquats__2EFE33F25E": 0.9887331053614616,
    "WallPushups__173E918CDE": 0.9889551559463143,
    "SoccerJuggling__15A2489964": 0.9755003983775775,
    "BodyWeightSquats__3A85F0CF92": 0.9875151641666889,
    "PullUps__76621C5EA2": 0.9837960414588451,
    "BodyWeightSquats__3E134F11A3": 0.9912992883473635,
    "BodyWeightSquats__4E63C96142": 0.9869596641510725,
    "WallPushups__44B693E50A": 0.9795139188567797,
    "PushUps__D32D0AE8FE": 0.9865113114317258,
    "SoccerJuggling__C69DC2BA95": 0.9441829551942647,
    "PullUps__ECC5B7159E": 0.9650924759916961,
    "TennisSwing__1455B75D53": 0.9870522450655699,
    "HulaHoop__F5A132ACFA": 0.955314673949033,
    "JumpingJack__AEBFB86DBB": 0.9835783448070288,
    "JumpingJack__A555392E40": 0.9823298320174217,
    "HulaHoop__17F60C05BB": 0.9792005950585008,
    "WallPushups__3E5D065663": 0.9867468751966953,
    "ThrowDiscus__1843E37A60": 0.9879292547702789,
    "JumpingJack__DB2804555C": 0.9851465011015534,
    "TennisSwing__E4A7E71228": 0.9814850352704525,
    "TennisSwing__90567E5672": 0.9779118550941348,
    "PushUps__08877B23D5": 0.9900394707918168,
    "ThrowDiscus__F97F74D4D2": 0.9810921646654606,
    "BodyWeightSquats__950D98CBB2": 0.9926010798662901,
    "PullUps__60841D0D80": 0.9921410903334618,
    "SoccerJuggling__07746EEA67": 0.9788600601255893,
    "TennisSwing__3549D0A70E": 0.9693087726831436,
    "BodyWeightSquats__7BA453EC47": 0.9870740840832393,
    "SoccerJuggling__30A9F8D3C7": 0.964370776899159,
    "TennisSwing__8AF842BDB8": 0.9867738589644433,
    "SoccerJuggling__64479E6E4C": 0.9620725410059094,
    "TennisSwing__33FF6F1D27": 0.9748793236911297,
    "PushUps__83418AC2E2": 0.9889424704015255,
    "TennisSwing__C15598BD67": 0.9732615007087588,
    "PushUps__3B47DD6C44": 0.9776085480116308,
    "TennisSwing__E3A4C78EB1": 0.987158649135381,
    "PullUps__20D44A580C": 0.9912107408046722,
    "HulaHoop__8A2DCBFB9C": 0.9783896282315254,
    "WallPushups__AAD1D21E45": 0.9824518137611449,
    "JumpingJack__4BCC8C5A61": 0.9835520967841148,
    "PushUps__4024D0E285": 0.9937492460012436,
    "ThrowDiscus__8B9F38F3A7": 0.9849487277679145,
    "WallPushups__C8E77804B1": 0.988557000644505,
    "PullUps__549C32349C": 0.9739272086881101,
    "HulaHoop__F5696DABC6": 0.9894318421681721,
    "Shotput__F3E23C6EF4": 0.9862933218479156,
    "HulaHoop__A319F9701C": 0.9939856722950935,
    "SoccerJuggling__CB3D520DA5": 0.9837381298343341,
    "Shotput__6BF8AC0419": 0.9516203053295612,
    "BodyWeightSquats__3C6B850879": 0.9948860295116901,
    "JumpingJack__3362F62DDA": 0.9823638424277306,
    "ThrowDiscus__BCB8753179": 0.9888668665662408,
    "TennisSwing__1BC805DEEB": 0.950152387470007,
    "TennisSwing__20114190FC": 0.9918263130821288,
    "Shotput__A8D298E032": 0.967505304608494,
    "Shotput__5AC21D6257": 0.9780225353315473,
    "Shotput__468EBCBADC": 0.9888393115252256,
    "SoccerJuggling__A9C6C92F68": 0.9889179123565555,
    "PullUps__396D383CD2": 0.9864324162403743,
    "TennisSwing__CCAD9840BD": 0.99171315630277,
    "ThrowDiscus__F0CCD21DE1": 0.970829491969198,
    "JumpingJack__A2E48EE738": 0.9540216564200819,
    "BodyWeightSquats__9D4632E78C": 0.9842199325561524,
    "ThrowDiscus__E6B6A44D70": 0.9944618940353394,
    "PushUps__510F42A4DC": 0.9901753385861715,
    "HulaHoop__A9F75EB4A4": 0.9703153516165912,
    "HulaHoop__11F2AFE9B8": 0.9283055566251278,
    "Shotput__73A68F3E06": 0.9965152849753698,
    "TennisSwing__37087327FC": 0.9808005327358842,
    "WallPushups__E8E9E49C94": 0.9935472654178739,
    "Shotput__FB0C1D334F": 0.9924389660358429,
    "TennisSwing__DC3160FCF9": 0.9878085725009441,
    "Shotput__9DDB261574": 0.9552525272592902,
    "JumpingJack__1B76F9CB06": 0.9764723584055901,
    "ThrowDiscus__E640271639": 0.9861091231306394,
    "BodyWeightSquats__8BAB8EED20": 0.9891890242695809,
    "JumpingJack__AA0A8F59DF": 0.9630064412951469,
    "TennisSwing__840EBC734B": 0.9902162328362465,
    "ThrowDiscus__F5CFC43072": 0.9730874739587307,
    "WallPushups__AA9E91AC78": 0.9815843269228935,
    "PushUps__6B3664B3F5": 0.9819854781962931,
    "HulaHoop__9536E9BBD0": 0.9816636289469898,
    "SoccerJuggling__946C23E28D": 0.9868056098930538,
    "BodyWeightSquats__28A4946E59": 0.9871422606520355,
    "Shotput__A29F85EDF9": 0.9740049540996552,
    "SoccerJuggling__9A9D2BCB8F": 0.9802299395203591,
    "Shotput__C17396CAA0": 0.9927438671390215,
    "BodyWeightSquats__EC084551C5": 0.9775612917728722,
    "PushUps__F6BA5FD889": 0.9917413201183081,
    "SoccerJuggling__43848FAC4C": 0.958493119571358,
    "HulaHoop__3CBCCCE0EE": 0.9610609402880073,
    "SoccerJuggling__9346991BA9": 0.9869742235168815,
    "HulaHoop__2F4DB381FF": 0.9649803631007672,
    "Shotput__165124B9AA": 0.9632676434703171,
    "WallPushups__374C6526A1": 0.9655969818122685,
    "TennisSwing__C825352683": 0.9929288660486539,
    "JumpingJack__E932285652": 0.9498838600702584,
    "PushUps__78C531420D": 0.9880209541879594,
    "PushUps__EA8DC681B2": 0.9978775598108769,
    "HulaHoop__F7F4699D72": 0.9582696296274662,
    "PushUps__82FC047CA6": 0.9911196167270343,
    "SoccerJuggling__73AA3D9EC7": 0.9862951452533404,
    "HulaHoop__7E779AAD26": 0.9695902571082116,
    "BodyWeightSquats__F5C8FFE984": 0.9917865712195635,
    "SoccerJuggling__6AA11769E2": 0.9965387530624866,
    "BodyWeightSquats__95848F0A36": 0.9651649780571461,
    "BodyWeightSquats__DA460A8AB0": 0.975440323818475,
    "PullUps__5E6BEB6158": 0.9953936305828393,
    "BodyWeightSquats__AA790FD5D9": 0.9829416036605835,
    "JumpingJack__405DB1D9B9": 0.975917287170887,
    "BodyWeightSquats__29465E587A": 0.9883030187338591,
    "Shotput__1E028E8E60": 0.9875929646193982,
    "PushUps__317C5164DC": 0.9795738279819488,
    "SoccerJuggling__78D27056A6": 0.9822433074315389,
    "HulaHoop__630421D3AA": 0.9526557080447674,
    "SoccerJuggling__4C2DD1B8E9": 0.9774103209376335,
    "JumpingJack__C4E37ED79A": 0.9765024468302727,
    "BodyWeightSquats__BA7B377EFE": 0.9903713867068291,
    "WallPushups__79D75D95ED": 0.9847046757737795,
    "WallPushups__513D8F902E": 0.9884846990307172,
    "JumpingJack__45AAA1F4D2": 0.9969471663236618,
    "JumpingJack__C374FF8CB6": 0.9732515831788381,
    "PullUps__ED83343959": 0.9986462950706482,
    "ThrowDiscus__76D1727A9D": 0.9951205037534236,
    "WallPushups__E5D558A130": 0.9841444738209247,
    "WallPushups__862DDBECA0": 0.9881314747035503,
    "BodyWeightSquats__EF01742FC4": 0.9748503370210528,
    "Shotput__5AF393C1F8": 0.9773287670686841,
    "WallPushups__200DE05CE1": 0.9902066230773926,
    "WallPushups__08E61004AC": 0.9955129339359701,
    "ThrowDiscus__19C4E7D64A": 0.9847483187913895,
    "Shotput__FD96A00600": 0.9967366047203541,
    "ThrowDiscus__A76A0EB406": 0.9946918249130249,
    "TennisSwing__A3791D8AED": 0.9870213074609637,
    "PushUps__6F3342B0C8": 0.9873769586284955,
    "JumpingJack__7EF4D29373": 0.9543871702626348,
    "PullUps__E003CBE3E7": 0.975737317930907,