{
    "SoccerJuggling__21D84C98FE": 0.2838231027126312,
    "JumpingJack__22579A4055": 0.16109752655029297,
    "JumpingJack__8127FBF182": 0.18439751863479614,
    "PullUps__1FCE66C9CE": 0.2911209464073181,
    "WallPushups__9FF6810722": 0.18631915748119354,
    "ThrowDiscus__D4640006EB": 0.27910473942756653,
    "PullUps__6F8F917E2D": 0.2714938819408417,
    "HulaHoop__8098819339": 0.27244195342063904,
    "TennisSwing__20A30DDBA1": 0.26878854632377625,
    "ThrowDiscus__1710B3FDF4": 0.2734595835208893,
    "BodyWeightSquats__07050FC646": 0.13377197086811066,
    "JumpingJack__84B8D15544": 0.23920844495296478,
    "PullUps__AE9B542F38": 0.2767067849636078,
    "SoccerJuggling__1D8184510A": 0.2847297489643097,
    "WallPushups__BDFCEC93E9": 0.22095057368278503,
    "BodyWeightSquats__46F7E2CECC": 0.2271527349948883,
    "PushUps__BC73F19D56": 0.2879346013069153,
    "PullUps__6691BD66D4": 0.29944244027137756,
    "ThrowDiscus__3EEC099CCF": 0.2598364055156708,
    "WallPushups__4D4B941D73": 0.11218065023422241,
    "PullUps__B8E14E74EC": 0.31424766778945923,
    "BodyWeightSquats__2EFE33F25E": 0.26605224609375,
    "WallPushups__173E918CDE": 0.1112920343875885,
    "SoccerJuggling__15A2489964": 0.26605892181396484,
    "BodyWeightSquats__3A85F0CF92": 0.20860382914543152,
    "PullUps__76621C5EA2": 0.3068479001522064,
    "BodyWeightSquats__3E134F11A3": 0.16289889812469482,
    "BodyWeightSquats__4E63C96142": 0.23002585768699646,
    "WallPushups__44B693E50A": 0.1836579144001007,
    "PushUps__D32D0AE8FE": 0.24041835963726044,
    "SoccerJuggling__C69DC2BA95": 0.23171907663345337,
    "PullUps__ECC5B7159E": 0.2809114456176758,
    "TennisSwing__1455B75D53": 0.2891894280910492,
    "HulaHoop__F5A132ACFA": 0.2794734239578247,
    "JumpingJack__AEBFB86DBB": 0.13893906772136688,
    "JumpingJack__A555392E40": 0.17832955718040466,
    "HulaHoop__17F60C05BB": 0.27293848991394043,
    "WallPushups__3E5D065663": 0.15015247464179993,
    "ThrowDiscus__1843E37A60": 0.27598845958709717,
    "JumpingJack__DB2804555C": 0.15949295461177826,
    "TennisSwing__E4A7E71228": 0.2981571555137634,
    "TennisSwing__90567E5672": 0.2656746208667755,
    "PushUps__08877B23D5": 0.2865872085094452,
    "ThrowDiscus__F97F74D4D2": 0.2567232847213745,
    "BodyWeightSquats__950D98CBB2": 0.2225848287343979,
    "PullUps__60841D0D80": 0.3243063688278198,
    "SoccerJuggling__07746EEA67": 0.28445255756378174,
    "TennisSwing__3549D0A70E": 0.27838873863220215,
    "BodyWeightSquats__7BA453EC47": 0.25963613390922546,
    "SoccerJuggling__30A9F8D3C7": 0.24645647406578064,
    "TennisSwing__8AF842BDB8": 0.28253069519996643,
    "SoccerJuggling__64479E6E4C": 0.25629469752311707,
    "TennisSwing__33FF6F1D27": 0.22836799919605255,
    "PushUps__83418AC2E2": 0.2658783495426178,
    "TennisSwing__C15598BD67": 0.1436559408903122,
    "PushUps__3B47DD6C44": 0.27729591727256775,
    "TennisSwing__E3A4C78EB1": 0.31053444743156433,
    "PullUps__20D44A580C": 0.3223079442977905,
    "HulaHoop__8A2DCBFB9C": 0.2782887816429138,
    "WallPushups__AAD1D21E45": 0.14491206407546997,
    "JumpingJack__4BCC8C5A61": 0.12402500212192535,
    "PushUps__4024D0E285": 0.3017030954360962,
    "ThrowDiscus__8B9F38F3A7": 0.2577017843723297,
    "WallPushups__C8E77804B1": 0.19668585062026978,
    "PullUps__549C32349C": 0.2983667850494385,
    "HulaHoop__F5696DABC6": 0.27434560656547546,
    "Shotput__F3E23C6EF4": 0.2301773726940155,
    "HulaHoop__A319F9701C": 0.26963186264038086,
    "SoccerJuggling__CB3D520DA5": 0.25158849358558655,
    "Shotput__6BF8AC0419": 0.23177111148834229,
    "BodyWeightSquats__3C6B850879": 0.18434566259384155,
    "JumpingJack__3362F62DDA": 0.21053114533424377,
    "ThrowDiscus__BCB8753179": 0.25835004448890686,
    "TennisSwing__1BC805DEEB": 0.272923082113266,
    "TennisSwing__20114190FC": 0.305602490901947,
    "Shotput__A8D298E032": 0.2667769491672516,
    "Shotput__5AC21D6257": 0.3058719038963318,
    "Shotput__468EBCBADC": 0.2076956182718277,
    "SoccerJuggling__A9C6C92F68": 0.2873601019382477,
    "PullUps__396D383CD2": 0.2955990433692932,
    "TennisSwing__CCAD9840BD": 0.3059667646884918,
    "ThrowDiscus__F0CCD21DE1": 0.2754945456981659,
    "JumpingJack__A2E48EE738": 0.1307140439748764,
    "BodyWeightSquats__9D4632E78C": 0.2461976706981659,
    "ThrowDiscus__E6B6A44D70": 0.2705383598804474,
    "PushUps__510F42A4DC": 0.27447372674942017,
    "HulaHoop__A9F75EB4A4": 0.2806774377822876,
    "HulaHoop__11F2AFE9B8": 0.2600027322769165,
    "Shotput__73A68F3E06": 0.28917059302330017,
    "TennisSwing__37087327FC": 0.20427003502845764,
    "WallPushups__E8E9E49C94": 0.17631714046001434,
    "Shotput__FB0C1D334F": 0.2953733801841736,
    "TennisSwing__DC3160FCF9": 0.3106844425201416,
    "Shotput__9DDB261574": 0.29707759618759155,
    "JumpingJack__1B76F9CB06": 0.2153880000114441,
    "ThrowDiscus__E640271639": 0.2841847538948059,
    "BodyWeightSquats__8BAB8EED20": 0.24345044791698456,
    "JumpingJack__AA0A8F59DF": 0.2166481465101242,
    "TennisSwing__840EBC734B": 0.28693661093711853,
    "ThrowDiscus__F5CFC43072": 0.2934967875480652,
    "WallPushups__AA9E91AC78": 0.2165616750717163,
    "PushUps__6B3664B3F5": 0.2938736081123352,
    "HulaHoop__9536E9BBD0": 0.28769761323928833,
    "SoccerJuggling__946C23E28D": 0.2700522243976593,
    "BodyWeightSquats__28A4946E59": 0.22729450464248657,
    "Shotput__A29F85EDF9": 0.278133362531662,
    "SoccerJuggling__9A9D2BCB8F": 0.2654843032360077,
    "Shotput__C17396CAA0": 0.2929743230342865,
    "BodyWeightSquats__EC084551C5": 0.2335505485534668,
    "PushUps__F6BA5FD889": 0.3069970905780792,
    "SoccerJuggling__43848FAC4C": 0.27195224165916443,
    "HulaHoop__3CBCCCE0EE": 0.2873668968677521,
    "SoccerJuggling__9346991BA9": 0.28387317061424255,
    "HulaHoop__2F4DB381FF": 0.26052868366241455,
    "Shotput__165124B9AA": 0.3014060854911804,
    "WallPushups__374C6526A1": 0.1585603803396225,
    "TennisSwing__C825352683": 0.31254926323890686,
    "JumpingJack__E932285652": 0.1859653741121292,
    "PushUps__78C531420D": 0.2962252199649811,
    "PushUps__EA8DC681B2": 0.2891943156719208,
    "HulaHoop__F7F4699D72": 0.27856606245040894,
    "PushUps__82FC047CA6": 0.2802930176258087,
    "SoccerJuggling__73AA3D9EC7": 0.24438874423503876,
    "HulaHoop__7E779AAD26": 0.2676025331020355,
    "BodyWeightSquats__F5C8FFE984": 0.21682488918304443,
    "SoccerJuggling__6AA11769E2": 0.2857673168182373,
    "BodyWeightSquats__95848F0A36": 0.20830215513706207,
    "BodyWeightSquats__DA460A8AB0": 0.26009348034858704,
    "PullUps__5E6BEB6158": 0.3107825517654419,
    "BodyWeightSquats__AA790FD5D9": 0.17783108353614807,
    "JumpingJack__405DB1D9B9": 0.15611416101455688,
    "BodyWeightSquats__29465E587A": 0.24548739194869995,
    "Shotput__1E028E8E60": 0.3093786835670471,
    "PushUps__317C5164DC": 0.27407053112983704,
    "SoccerJuggling__78D27056A6": 0.2554612159729004,
    "HulaHoop__630421D3AA": 0.273363322019577,
    "SoccerJuggling__4C2DD1B8E9": 0.2947627902030945,
    "JumpingJack__C4E37ED79A": 0.19717685878276825,
    "BodyWeightSquats__BA7B377EFE": 0.25721806287765503,
    "WallPushups__79D75D95ED": 0.22912344336509705,
    "WallPushups__513D8F902E": 0.22393091022968292,
    "JumpingJack__45AAA1F4D2": 0.14795953035354614,
    "JumpingJack__C374FF8CB6": 0.2037598341703415,
    "PullUps__ED83343959": 0.22074384987354279,
    "ThrowDiscus__76D1727A9D": 0.2868673801422119,
    "WallPushups__E5D558A130": 0.2106407731771469,
    "WallPushups__862DDBECA0": 0.1242036297917366,
    "BodyWeightSquats__EF01742FC4": 0.1961894929409027,
    "Shotput__5AF393C1F8": 0.20454560220241547,
    "WallPushups__200DE05CE1": 0.18986164033412933,
    "WallPushups__08E61004AC": 0.09864103049039841,
    "ThrowDiscus__19C4E7D64A": 0.2788633108139038,
    "Shotput__FD96A00600": 0.23829761147499084,
    "ThrowDiscus__A76A0EB406": 0.298584908246994,
    "TennisSwing__A3791D8AED": 0.23455151915550232,
    "PushUps__6F3342B0C8": 0.26996421813964844,