{
    "SoccerJuggling__21D84C98FE": 0.9372117845167927,
    "JumpingJack__22579A4055": 0.9159653097214121,
    "JumpingJack__8127FBF182": 0.9346437205399251,
    "PullUps__1FCE66C9CE": 0.81796574932866,
    "WallPushups__9FF6810722": 0.9329766435705126,
    "ThrowDiscus__D4640006EB": 0.9156590169417458,
    "PullUps__6F8F917E2D": 0.9521117452867697,
    "HulaHoop__8098819339": 0.8671306154084754,
    "TennisSwing__20A30DDBA1": 0.9360313850157093,
    "ThrowDiscus__1710B3FDF4": 0.914705264843277,
    "BodyWeightSquats__07050FC646": 0.8258301995911522,
    "JumpingJack__84B8D15544": 0.8790530297647157,
    "PullUps__AE9B542F38": 0.8019079760439489,
    "SoccerJuggling__1D8184510A": 0.7437709970926003,
    "WallPushups__BDFCEC93E9": 0.8158359801217228,
    "BodyWeightSquats__46F7E2CECC": 0.9057013902934699,
    "PushUps__BC73F19D56": 0.9109429185588056,
    "PullUps__6691BD66D4": 0.9299961174831133,
    "ThrowDiscus__3EEC099CCF": 0.9181878597214412,
    "WallPushups__4D4B941D73": 0.8468442806382304,
    "PullUps__B8E14E74EC": 0.9364112967993286,
    "BodyWeightSquats__2EFE33F25E": 0.9369816483111847,
    "WallPushups__173E918CDE": 0.7976679762248322,
    "SoccerJuggling__15A2489964": 0.9539389199869751,
    "BodyWeightSquats__3A85F0CF92": 0.928561853189643,
    "PullUps__76621C5EA2": 0.855624430634756,
    "BodyWeightSquats__3E134F11A3": 0.9241372470812899,
    "BodyWeightSquats__4E63C96142": 0.6939386626770361,
    "WallPushups__44B693E50A": 0.8799370401217057,
    "PushUps__D32D0AE8FE": 0.891526256582694,
    "SoccerJuggling__C69DC2BA95": 0.8921096627997387,
    "PullUps__ECC5B7159E": 0.8651849865352996,
    "TennisSwing__1455B75D53": 0.8570079500940799,
    "HulaHoop__F5A132ACFA": 0.9045963302132414,
    "JumpingJack__AEBFB86DBB": 0.8829896076624919,
    "JumpingJack__A555392E40": 0.9326364967452518,
    "HulaHoop__17F60C05BB": 0.846022714538655,
    "WallPushups__3E5D065663": 0.8632659204349838,
    "ThrowDiscus__1843E37A60": 0.9279461972117087,
    "JumpingJack__DB2804555C": 0.7467982923520785,
    "TennisSwing__E4A7E71228": 0.7477765838052906,
    "TennisSwing__90567E5672": 0.7501777728877091,
    "PushUps__08877B23D5": 0.8799793828540615,
    "ThrowDiscus__F97F74D4D2": 0.291967431147738,
    "BodyWeightSquats__950D98CBB2": 0.7673367114840659,
    "PullUps__60841D0D80": 0.8594717058481675,
    "SoccerJuggling__07746EEA67": 0.9030582396191582,
    "TennisSwing__3549D0A70E": 0.5805797095377128,
    "BodyWeightSquats__7BA453EC47": 0.9178899350155965,
    "SoccerJuggling__30A9F8D3C7": 0.7297749947155808,
    "TennisSwing__8AF842BDB8": 0.7341940062161758,
    "SoccerJuggling__64479E6E4C": 0.8696180427750327,
    "TennisSwing__33FF6F1D27": 0.6751092775381159,
    "PushUps__83418AC2E2": 0.7476338622640237,
    "TennisSwing__C15598BD67": 0.815651931783169,
    "PushUps__3B47DD6C44": 0.7610674426207424,
    "TennisSwing__E3A4C78EB1": 0.6807089333372291,
    "PullUps__20D44A580C": 0.9267762828658308,
    "HulaHoop__8A2DCBFB9C": 0.7319645399045273,
    "WallPushups__AAD1D21E45": 0.8813072103426185,
    "JumpingJack__4BCC8C5A61": 0.9193100233169266,
    "PushUps__4024D0E285": 0.9303757395920587,
    "ThrowDiscus__8B9F38F3A7": 0.7991203536073741,
    "WallPushups__C8E77804B1": 0.9376456408490867,
    "PullUps__549C32349C": 0.8399974327080242,
    "HulaHoop__F5696DABC6": 0.8730146736427075,
    "Shotput__F3E23C6EF4": 0.9558459620949112,
    "HulaHoop__A319F9701C": 0.9171333684619246,
    "SoccerJuggling__CB3D520DA5": 0.9412621248078726,
    "Shotput__6BF8AC0419": 0.6105566277407111,
    "BodyWeightSquats__3C6B850879": 0.955598469339525,
    "JumpingJack__3362F62DDA": 0.935926844111556,
    "ThrowDiscus__BCB8753179": 0.6285918728750415,
    "TennisSwing__1BC805DEEB": 0.4795277686212713,
    "TennisSwing__20114190FC": 0.7953164798969515,
    "Shotput__A8D298E032": 0.8875047907429079,
    "Shotput__5AC21D6257": 0.7636620621319197,
    "Shotput__468EBCBADC": 0.7670793502468669,
    "SoccerJuggling__A9C6C92F68": 0.8147423682534387,
    "PullUps__396D383CD2": 0.9238936481188169,
    "TennisSwing__CCAD9840BD": 0.9072270384974249,
    "ThrowDiscus__F0CCD21DE1": 0.8172245375628017,
    "JumpingJack__A2E48EE738": 0.9099661266563086,
    "BodyWeightSquats__9D4632E78C": 0.9053781513485962,
    "ThrowDiscus__E6B6A44D70": 0.8541433042768263,
    "PushUps__510F42A4DC": 0.9191712770590509,
    "HulaHoop__A9F75EB4A4": 0.839408155813444,
    "HulaHoop__11F2AFE9B8": 0.8149008050588845,
    "Shotput__73A68F3E06": 0.9583729247586003,
    "TennisSwing__37087327FC": 0.6093080788407115,
    "WallPushups__E8E9E49C94": 0.9404979260084487,
    "Shotput__FB0C1D334F": 0.8200656298895195,
    "TennisSwing__DC3160FCF9": 0.9176181101960823,
    "Shotput__9DDB261574": 0.878819366659682,
    "JumpingJack__1B76F9CB06": 0.6956500100315421,
    "ThrowDiscus__E640271639": 0.9249549449547284,
    "BodyWeightSquats__8BAB8EED20": 0.6962708346359545,
    "JumpingJack__AA0A8F59DF": 0.8301783458800088,
    "TennisSwing__840EBC734B": 0.9536614689566826,
    "ThrowDiscus__F5CFC43072": 0.6866352425965765,
    "WallPushups__AA9E91AC78": 0.7756909133774659,
    "PushUps__6B3664B3F5": 0.7826026944280322,
    "HulaHoop__9536E9BBD0": 0.8665578034290253,
    "SoccerJuggling__946C23E28D": 0.7171009675926688,
    "BodyWeightSquats__28A4946E59": 0.8897193307561627,
    "Shotput__A29F85EDF9": 0.5230150444659319,
    "SoccerJuggling__9A9D2BCB8F": 0.7525099121504619,
    "Shotput__C17396CAA0": 0.9597817891768654,
    "BodyWeightSquats__EC084551C5": 0.635575793155301,
    "PushUps__F6BA5FD889": 0.828761797869418,
    "SoccerJuggling__43848FAC4C": 0.871601452524851,
    "HulaHoop__3CBCCCE0EE": 0.8729107841665169,
    "SoccerJuggling__9346991BA9": 0.8302932980515367,
    "HulaHoop__2F4DB381FF": 0.891444577795194,
    "Shotput__165124B9AA": 0.9019318769035187,
    "WallPushups__374C6526A1": 0.8653305918272742,
    "TennisSwing__C825352683": 0.9327972340483094,
    "JumpingJack__E932285652": 0.8880018023583498,
    "PushUps__78C531420D": 0.7286430383306508,
    "PushUps__EA8DC681B2": 0.9737189261587338,
    "HulaHoop__F7F4699D72": 0.8038009348341875,
    "PushUps__82FC047CA6": 0.8045631458949309,
    "SoccerJuggling__73AA3D9EC7": 0.8688878987649048,
    "HulaHoop__7E779AAD26": 0.8822306912665757,
    "BodyWeightSquats__F5C8FFE984": 0.9043134093765399,
    "SoccerJuggling__6AA11769E2": 0.9629701379427031,
    "BodyWeightSquats__95848F0A36": 0.8862214422856625,
    "BodyWeightSquats__DA460A8AB0": 0.8385383774235333,
    "PullUps__5E6BEB6158": 0.6587385394542955,
    "BodyWeightSquats__AA790FD5D9": 0.815414580563805,
    "JumpingJack__405DB1D9B9": 0.8760588255255405,
    "BodyWeightSquats__29465E587A": 0.929546463200211,
    "Shotput__1E028E8E60": 0.5501990281230627,
    "PushUps__317C5164DC": 0.7159893000610943,
    "SoccerJuggling__78D27056A6": 0.92288982965883,
    "HulaHoop__630421D3AA": 0.8153700680720396,
    "SoccerJuggling__4C2DD1B8E9": 0.8895453348262031,
    "JumpingJack__C4E37ED79A": 0.9159873528848615,
    "BodyWeightSquats__BA7B377EFE": 0.9465130780514407,
    "WallPushups__79D75D95ED": 0.9204160986278158,
    "WallPushups__513D8F902E": 0.9029662802840056,
    "JumpingJack__45AAA1F4D2": 0.9597972332694095,
    "JumpingJack__C374FF8CB6": 0.9400227203617135,
    "PullUps__ED83343959": 0.9816608636244266,
    "ThrowDiscus__76D1727A9D": 0.8789320317135125,
    "WallPushups__E5D558A130": 0.9421712800918028,
    "WallPushups__862DDBECA0": 0.7906960189480527,
    "BodyWeightSquats__EF01742FC4": 0.8346112074084144,
    "Shotput__5AF393C1F8": 0.749235198180767,
    "WallPushups__200DE05CE1": 0.9347060215224383,
    "WallPushups__08E61004AC": 0.9441359508284677,
    "ThrowDiscus__19C4E7D64A": 0.5907425002218134,
    "Shotput__FD96A00600": 0.9566295760879436,
    "ThrowDiscus__A76A0EB406": 0.814143055629766,
    "TennisSwing__A3791D8AED": 0.7094175418684298,
    "PushUps__6F3342B0C8": 0.8388343918572456,
    "JumpingJack__7EF4D29373": 0.8842086894732633,
    "PullUps__E003CBE3E7": 0.8008791467423686,