{
  "normalization_ranges": {
    "ac": {
      "min": -1.5625675821213971,
      "max": 2.1918296547697533
    },
    "tc": {
      "min": -1.5280240548655055,
      "max": 2.0241774490596605
    }
  },
  "models": [
    "Hunyuan",
    "Opensora",
    "RunwayGen4",
    "Wan2p1",
    "Wan2p2"
  ],
  "actions": [
    "BodyWeightSquats",
    "HulaHoop",
    "JumpingJack",
    "PullUps",
    "PushUps",
    "Shotput",
    "SoccerJuggling",
    "TennisSwing",
    "ThrowDiscus",
    "WallPushups"
  ],
  "table_data": {
    "BodyWeightSquats": {
      "Hunyuan": {
        "ac": 56.61,
        "tc": 57.56,
        "avg": 57.09,
        "ac_raw": 0.5628,
        "tc_raw": 0.5167
      },
      "Opensora": {
        "ac": 41.87,
        "tc": 35.53,
        "avg": 38.7,
        "ac_raw": 0.0093,
        "tc_raw": -0.266
      },
      "RunwayGen4": {
        "ac": 78.71,
        "tc": 76.16,
        "avg": 77.43,
        "ac_raw": 1.3925,
        "tc_raw": 1.1773
      },
      "Wan2p1": {
        "ac": 48.76,
        "tc": 63.49,
        "avg": 56.12,
        "ac_raw": 0.268,
        "tc_raw": 0.7273
      },
      "Wan2p2": {
        "ac": 72.56,
        "tc": 84.57,
        "avg": 78.56,
        "ac_raw": 1.1615,
        "tc_raw": 1.4762
      }
    },
    "HulaHoop": {
      "Hunyuan": {
        "ac": 28.68,
        "tc": 24.96,
        "avg": 26.82,
        "ac_raw": -0.4859,
        "tc_raw": -0.6416
      },
      "Opensora": {
        "ac": 27.38,
        "tc": 16.91,
        "avg": 22.14,
        "ac_raw": -0.5347,
        "tc_raw": -0.9274
      },
      "RunwayGen4": {
        "ac": 30.82,
        "tc": 27.59,
        "avg": 29.2,
        "ac_raw": -0.4056,
        "tc_raw": -0.5479
      },
      "Wan2p1": {
        "ac": 16.11,
        "tc": 11.78,
        "avg": 13.94,
        "ac_raw": -0.9578,
        "tc_raw": -1.1095
      },
      "Wan2p2": {
        "ac": 84.18,
        "tc": 82.89,
        "avg": 83.53,
        "ac_raw": 1.598,
        "tc_raw": 1.4163
      }
    },
    "JumpingJack": {
      "Hunyuan": {
        "ac": 37.04,
        "tc": 41.91,
        "avg": 39.47,
        "ac_raw": -0.172,
        "tc_raw": -0.0394
      },
      "Opensora": {
        "ac": 15.05,
        "tc": 9.76,
        "avg": 12.4,
        "ac_raw": -0.9976,
        "tc_raw": -1.1814
      },
      "RunwayGen4": {
        "ac": 52.62,
        "tc": 62.79,
        "avg": 57.7,
        "ac_raw": 0.413,
        "tc_raw": 0.7022
      },
      "Wan2p1": {
        "ac": 33.65,
        "tc": 35.93,
        "avg": 34.79,
        "ac_raw": -0.2993,
        "tc_raw": -0.2517
      },
      "Wan2p2": {
        "ac": 74.98,
        "tc": 80.91,
        "avg": 77.94,
        "ac_raw": 1.2526,
        "tc_raw": 1.3459
      }
    },
    "PullUps": {
      "Hunyuan": {
        "ac": 52.39,
        "tc": 40.48,
        "avg": 46.44,
        "ac_raw": 0.4043,
        "tc_raw": -0.09
      },
      "Opensora": {
        "ac": 59.69,
        "tc": 52.67,
        "avg": 56.18,
        "ac_raw": 0.6783,
        "tc_raw": 0.3428
      },
      "RunwayGen4": {
        "ac": 83.81,
        "tc": 78.74,
        "avg": 81.27,
        "ac_raw": 1.5838,
        "tc_raw": 1.2689
      },
      "Wan2p1": {
        "ac": 23.19,
        "tc": 24.89,
        "avg": 24.04,
        "ac_raw": -0.6919,
        "tc_raw": -0.6439
      },
      "Wan2p2": {
        "ac": 91.91,
        "tc": 91.63,
        "avg": 91.77,
        "ac_raw": 1.888,
        "tc_raw": 1.7267
      }
    },
    "PushUps": {
      "Hunyuan": {
        "ac": 32.96,
        "tc": 57.98,
        "avg": 45.47,
        "ac_raw": -0.3249,
        "tc_raw": 0.5315
      },
      "Opensora": {
        "ac": 43.54,
        "tc": 37.14,
        "avg": 40.34,
        "ac_raw": 0.0719,
        "tc_raw": -0.2086
      },
      "RunwayGen4": {
        "ac": 79.78,
        "tc": 77.95,
        "avg": 78.86,
        "ac_raw": 1.4325,
        "tc_raw": 1.2411
      },
      "Wan2p1": {
        "ac": 48.84,
        "tc": 58.77,
        "avg": 53.8,
        "ac_raw": 0.2709,
        "tc_raw": 0.5596
      },
      "Wan2p2": {
        "ac": 86.39,
        "tc": 86.76,
        "avg": 86.57,
        "ac_raw": 1.6809,
        "tc_raw": 1.5537
      }
    },
    "Shotput": {
      "Hunyuan": {
        "ac": 24.46,
        "tc": 33.18,
        "avg": 28.82,
        "ac_raw": -0.6441,
        "tc_raw": -0.3495
      },
      "Opensora": {
        "ac": 14.32,
        "tc": 19.49,
        "avg": 16.91,
        "ac_raw": -1.0248,
        "tc_raw": -0.8358
      },
      "RunwayGen4": {
        "ac": 19.36,
        "tc": 14.41,
        "avg": 16.89,
        "ac_raw": -0.8355,
        "tc_raw": -1.0163
      },
      "Wan2p1": {
        "ac": 7.3,
        "tc": 12.36,
        "avg": 9.83,
        "ac_raw": -1.2886,
        "tc_raw": -1.0889
      },
      "Wan2p2": {
        "ac": 30.72,
        "tc": 46.31,
        "avg": 38.52,
        "ac_raw": -0.4092,
        "tc_raw": 0.1171
      }
    },
    "SoccerJuggling": {
      "Hunyuan": {
        "ac": 34.23,
        "tc": 34.93,
        "avg": 34.58,
        "ac_raw": -0.2774,
        "tc_raw": -0.2874
      },
      "Opensora": {
        "ac": 18.77,
        "tc": 8.64,
        "avg": 13.71,
        "ac_raw": -0.8577,
        "tc_raw": -1.2212
      },
      "RunwayGen4": {
        "ac": 24.93,
        "tc": 22.85,
        "avg": 23.89,
        "ac_raw": -0.6265,
        "tc_raw": -0.7165
      },
      "Wan2p1": {
        "ac": 31.78,
        "tc": 33.26,
        "avg": 32.52,
        "ac_raw": -0.3693,
        "tc_raw": -0.3466
      },
      "Wan2p2": {
        "ac": 84.29,
        "tc": 78.18,
        "avg": 81.24,
        "ac_raw": 1.6022,
        "tc_raw": 1.2492
      }
    },
    "TennisSwing": {
      "Hunyuan": {
        "ac": 26.67,
        "tc": 25.44,
        "avg": 26.05,
        "ac_raw": -0.5612,
        "tc_raw": -0.6245
      },
      "Opensora": {
        "ac": 17.34,
        "tc": 10.72,
        "avg": 14.03,
        "ac_raw": -0.9114,
        "tc_raw": -1.1472
      },
      "RunwayGen4": {
        "ac": 36.84,
        "tc": 38.7,
        "avg": 37.77,
        "ac_raw": -0.1794,
        "tc_raw": -0.1533
      },
      "Wan2p1": {
        "ac": 35.62,
        "tc": 32.2,
        "avg": 33.91,
        "ac_raw": -0.2252,
        "tc_raw": -0.3841
      },
      "Wan2p2": {
        "ac": 74.91,
        "tc": 67.12,
        "avg": 71.01,
        "ac_raw": 1.2498,
        "tc_raw": 0.8562
      }
    },
    "ThrowDiscus": {
      "Hunyuan": {
        "ac": 23.06,
        "tc": 28.69,
        "avg": 25.87,
        "ac_raw": -0.697,
        "tc_raw": -0.5088
      },
      "Opensora": {
        "ac": 13.63,
        "tc": 9.3,
        "avg": 11.47,
        "ac_raw": -1.0507,
        "tc_raw": -1.1978
      },
      "RunwayGen4": {
        "ac": 22.51,
        "tc": 17.55,
        "avg": 20.03,
        "ac_raw": -0.7173,
        "tc_raw": -0.9045
      },
      "Wan2p1": {
        "ac": 12.75,
        "tc": 18.16,
        "avg": 15.45,
        "ac_raw": -1.0839,
        "tc_raw": -0.8831
      },
      "Wan2p2": {
        "ac": 49.99,
        "tc": 54.18,
        "avg": 52.08,
        "ac_raw": 0.3141,
        "tc_raw": 0.3965
      }
    },
    "WallPushups": {
      "Hunyuan": {
        "ac": 23.55,
        "tc": 40.91,
        "avg": 32.23,
        "ac_raw": -0.6782,
        "tc_raw": -0.0747
      },
      "Opensora": {
        "ac": 21.32,
        "tc": 21.29,
        "avg": 21.31,
        "ac_raw": -0.762,
        "tc_raw": -0.7716
      },
      "RunwayGen4": {
        "ac": 46.16,
        "tc": 58.24,
        "avg": 52.2,
        "ac_raw": 0.1705,
        "tc_raw": 0.5409
      },
      "Wan2p1": {
        "ac": 37.17,
        "tc": 48.3,
        "avg": 42.73,
        "ac_raw": -0.1672,
        "tc_raw": 0.1876
      },
      "Wan2p2": {
        "ac": 47.79,
        "tc": 56.68,
        "avg": 52.23,
        "ac_raw": 0.2316,
        "tc_raw": 0.4854
      }
    }
  },