{
    "SoccerJuggling__21D84C98FE": 0.9127627804875373,
    "JumpingJack__22579A4055": 0.951611889898777,
    "JumpingJack__8127FBF182": 0.9822209517161051,
    "PullUps__1FCE66C9CE": 0.9451735999900848,
    "WallPushups__9FF6810722": 0.9874470586578051,
    "ThrowDiscus__D4640006EB": 0.9603769506017367,
    "PullUps__6F8F917E2D": 0.9883815457423528,
    "HulaHoop__8098819339": 0.9487999258562922,
    "TennisSwing__20A30DDBA1": 0.9612598309914271,
    "ThrowDiscus__1710B3FDF4": 0.9709743767976761,
    "BodyWeightSquats__07050FC646": 0.7589944932842627,
    "JumpingJack__84B8D15544": 0.8728940421715379,
    "PullUps__AE9B542F38": 0.9882133947685361,
    "SoccerJuggling__1D8184510A": 0.9217661574482918,
    "WallPushups__BDFCEC93E9": 0.9326699238736182,
    "BodyWeightSquats__46F7E2CECC": 0.9715076600511868,
    "PushUps__BC73F19D56": 0.991101348400116,
    "PullUps__6691BD66D4": 0.9847554758191108,
    "ThrowDiscus__3EEC099CCF": 0.9905587662942708,
    "WallPushups__4D4B941D73": 0.8955376544035971,
    "PullUps__B8E14E74EC": 0.9723164409399032,
    "BodyWeightSquats__2EFE33F25E": 0.9768941884239515,
    "WallPushups__173E918CDE": 0.9652395360171795,
    "SoccerJuggling__15A2489964": 0.9454666942358017,
    "BodyWeightSquats__3A85F0CF92": 0.9766362652182579,
    "PullUps__76621C5EA2": 0.9585504652932286,
    "BodyWeightSquats__3E134F11A3": 0.9845118382945657,
    "BodyWeightSquats__4E63C96142": 0.9677276331931353,
    "WallPushups__44B693E50A": 0.966496305167675,
    "PushUps__D32D0AE8FE": 0.9625219628214836,
    "SoccerJuggling__C69DC2BA95": 0.8953002686612308,
    "PullUps__ECC5B7159E": 0.8769740806892514,
    "TennisSwing__1455B75D53": 0.9866866357624531,
    "HulaHoop__F5A132ACFA": 0.8653287049382925,
    "JumpingJack__AEBFB86DBB": 0.9684557784348726,
    "JumpingJack__A555392E40": 0.9492615804076194,
    "HulaHoop__17F60C05BB": 0.9497353453189135,
    "WallPushups__3E5D065663": 0.9790222339332104,
    "ThrowDiscus__1843E37A60": 0.9551448258571327,
    "JumpingJack__DB2804555C": 0.9687373484484851,
    "TennisSwing__E4A7E71228": 0.9631126271560788,
    "TennisSwing__90567E5672": 0.9731001718901098,
    "PushUps__08877B23D5": 0.9752729281783103,
    "ThrowDiscus__F97F74D4D2": 0.948026991635561,
    "BodyWeightSquats__950D98CBB2": 0.9773159795440733,
    "PullUps__60841D0D80": 0.988037696480751,
    "SoccerJuggling__07746EEA67": 0.9074273914098739,
    "TennisSwing__3549D0A70E": 0.9267790749669075,
    "BodyWeightSquats__7BA453EC47": 0.980778981745243,
    "SoccerJuggling__30A9F8D3C7": 0.9523849571123719,
    "TennisSwing__8AF842BDB8": 0.930651119351387,
    "SoccerJuggling__64479E6E4C": 0.8680939194746315,
    "TennisSwing__33FF6F1D27": 0.9414326451718807,
    "PushUps__83418AC2E2": 0.9665670585818589,
    "TennisSwing__C15598BD67": 0.957139203324914,
    "PushUps__3B47DD6C44": 0.9347982796607539,
    "TennisSwing__E3A4C78EB1": 0.9659483847208321,
    "PullUps__20D44A580C": 0.9832121724883716,
    "HulaHoop__8A2DCBFB9C": 0.954821668099612,
    "WallPushups__AAD1D21E45": 0.9650306575931609,
    "JumpingJack__4BCC8C5A61": 0.9677112181981404,
    "PushUps__4024D0E285": 0.990224723238498,
    "ThrowDiscus__8B9F38F3A7": 0.9722026092931628,
    "WallPushups__C8E77804B1": 0.9835074068978429,
    "PullUps__549C32349C": 0.9500753963366151,
    "HulaHoop__F5696DABC6": 0.9851697728037834,
    "Shotput__F3E23C6EF4": 0.9534839068849882,
    "HulaHoop__A319F9701C": 0.9845663115382195,
    "SoccerJuggling__CB3D520DA5": 0.9625590816140175,
    "Shotput__6BF8AC0419": 0.8711866743862628,
    "BodyWeightSquats__3C6B850879": 0.9721488945186139,
    "JumpingJack__3362F62DDA": 0.9388772167265416,
    "ThrowDiscus__BCB8753179": 0.9787969551980495,
    "TennisSwing__1BC805DEEB": 0.900736216455698,
    "TennisSwing__20114190FC": 0.971992532722652,
    "Shotput__A8D298E032": 0.7697651837952435,
    "Shotput__5AC21D6257": 0.9503274923190475,
    "Shotput__468EBCBADC": 0.9852462620474398,
    "SoccerJuggling__A9C6C92F68": 0.9748357334174216,
    "PullUps__396D383CD2": 0.9842476998766263,
    "TennisSwing__CCAD9840BD": 0.9652994617819786,
    "ThrowDiscus__F0CCD21DE1": 0.9223348852247,
    "JumpingJack__A2E48EE738": 0.8832248500548303,
    "BodyWeightSquats__9D4632E78C": 0.9447910338640213,
    "ThrowDiscus__E6B6A44D70": 0.9900397243909538,
    "PushUps__510F42A4DC": 0.984577263891697,
    "HulaHoop__A9F75EB4A4": 0.8932732688263059,
    "HulaHoop__11F2AFE9B8": 0.7717846371233463,
    "Shotput__73A68F3E06": 0.9908769741654396,
    "TennisSwing__37087327FC": 0.9674877929501235,
    "WallPushups__E8E9E49C94": 0.9855182445608079,
    "Shotput__FB0C1D334F": 0.9810237894455592,
    "TennisSwing__DC3160FCF9": 0.9830608777701855,
    "Shotput__9DDB261574": 0.8679342013783753,
    "JumpingJack__1B76F9CB06": 0.9440880544483662,
    "ThrowDiscus__E640271639": 0.9674187302589417,
    "BodyWeightSquats__8BAB8EED20": 0.9797891296446324,
    "JumpingJack__AA0A8F59DF": 0.8736013986170292,
    "TennisSwing__840EBC734B": 0.9762273296713829,
    "ThrowDiscus__F5CFC43072": 0.927201846987009,
    "WallPushups__AA9E91AC78": 0.9615905247628689,
    "PushUps__6B3664B3F5": 0.9705874706851318,
    "HulaHoop__9536E9BBD0": 0.9630645848810673,
    "SoccerJuggling__946C23E28D": 0.9659620192833245,
    "BodyWeightSquats__28A4946E59": 0.9822433372028172,
    "Shotput__A29F85EDF9": 0.9405748277902604,
    "SoccerJuggling__9A9D2BCB8F": 0.9296789847314357,
    "Shotput__C17396CAA0": 0.9829189787308376,
    "BodyWeightSquats__EC084551C5": 0.9530061446130276,
    "PushUps__F6BA5FD889": 0.9802298052236438,
    "SoccerJuggling__43848FAC4C": 0.8651021313853562,
    "HulaHoop__3CBCCCE0EE": 0.8838055334053934,
    "SoccerJuggling__9346991BA9": 0.9760418054647744,
    "HulaHoop__2F4DB381FF": 0.8688857160508633,
    "Shotput__165124B9AA": 0.9011198235675693,
    "WallPushups__374C6526A1": 0.9085066406987607,
    "TennisSwing__C825352683": 0.9912216524283092,
    "JumpingJack__E932285652": 0.8930912846699357,
    "PushUps__78C531420D": 0.9856198634952307,
    "PushUps__EA8DC681B2": 0.9957626029849053,
    "HulaHoop__F7F4699D72": 0.9271192900836468,
    "PushUps__82FC047CA6": 0.9844598735372225,
    "SoccerJuggling__73AA3D9EC7": 0.9661429127057394,
    "HulaHoop__7E779AAD26": 0.8834487587213516,
    "BodyWeightSquats__F5C8FFE984": 0.9794338983483613,
    "SoccerJuggling__6AA11769E2": 0.9848527707159519,
    "BodyWeightSquats__95848F0A36": 0.9138448215089738,
    "BodyWeightSquats__DA460A8AB0": 0.9305847039504442,
    "PullUps__5E6BEB6158": 0.988220423925668,
    "BodyWeightSquats__AA790FD5D9": 0.9328004851937294,
    "JumpingJack__405DB1D9B9": 0.9451780162751675,
    "BodyWeightSquats__29465E587A": 0.9828537702560425,
    "Shotput__1E028E8E60": 0.9643087834119797,
    "PushUps__317C5164DC": 0.9697515284021695,
    "SoccerJuggling__78D27056A6": 0.9337338144580524,
    "HulaHoop__630421D3AA": 0.8601172424852848,
    "SoccerJuggling__4C2DD1B8E9": 0.9333585217595101,
    "JumpingJack__C4E37ED79A": 0.96529288093249,
    "BodyWeightSquats__BA7B377EFE": 0.9771107827623685,
    "WallPushups__79D75D95ED": 0.962553770840168,
    "WallPushups__513D8F902E": 0.9647352223594984,
    "JumpingJack__45AAA1F4D2": 0.9933511011302472,
    "JumpingJack__C374FF8CB6": 0.9566046396891276,
    "PullUps__ED83343959": 0.9976733841001988,
    "ThrowDiscus__76D1727A9D": 0.9849401876330376,
    "WallPushups__E5D558A130": 0.9570908226072788,
    "WallPushups__862DDBECA0": 0.979756872355938,
    "BodyWeightSquats__EF01742FC4": 0.9513842450105585,
    "Shotput__5AF393C1F8": 0.9272137014195323,
    "WallPushups__200DE05CE1": 0.9815519094467163,
    "WallPushups__08E61004AC": 0.9947723164223135,
    "ThrowDiscus__19C4E7D64A": 0.9672862105071545,
    "Shotput__FD96A00600": 0.9970520347356796,
    "ThrowDiscus__A76A0EB406": 0.9896357973416646,
    "TennisSwing__A3791D8AED": 0.9651949433609843,
    "PushUps__6F3342B0C8": 0.9817336092392603,
    "JumpingJack__7EF4D29373": 0.8733030424918979,
    "PullUps__E003CBE3E7": 0.9500186030054465,