{
    "SoccerJuggling__21D84C98FE": 0.31273424514561643,
    "JumpingJack__22579A4055": 0.21494834198932017,
    "JumpingJack__8127FBF182": 0.21776923721979471,
    "PullUps__1FCE66C9CE": 0.2938146663959636,
    "WallPushups__9FF6810722": 0.266158031900067,
    "ThrowDiscus__D4640006EB": 0.2885686294599013,
    "PullUps__6F8F917E2D": 0.26694805883179024,
    "HulaHoop__8098819339": 0.3061412646788959,
    "TennisSwing__20A30DDBA1": 0.3004285845874755,
    "ThrowDiscus__1710B3FDF4": 0.26546292499569824,
    "BodyWeightSquats__07050FC646": 0.23704376227633897,
    "JumpingJack__84B8D15544": 0.2727936077718587,
    "PullUps__AE9B542F38": 0.2638807964417361,
    "SoccerJuggling__1D8184510A": 0.29762978355089825,
    "WallPushups__BDFCEC93E9": 0.29202038719672563,
    "BodyWeightSquats__46F7E2CECC": 0.2787112741430929,
    "PushUps__BC73F19D56": 0.2944473554322749,
    "PullUps__6691BD66D4": 0.3169694008413425,
    "ThrowDiscus__3EEC099CCF": 0.28958568646926286,
    "WallPushups__4D4B941D73": 0.2822054460529209,
    "PullUps__B8E14E74EC": 0.31078192922804093,
    "BodyWeightSquats__2EFE33F25E": 0.3040446296703717,
    "WallPushups__173E918CDE": 0.2541386803915334,
    "SoccerJuggling__15A2489964": 0.3234574533691091,
    "BodyWeightSquats__3A85F0CF92": 0.27369593488581384,
    "PullUps__76621C5EA2": 0.3069534278655237,
    "BodyWeightSquats__3E134F11A3": 0.28535560651343,
    "BodyWeightSquats__4E63C96142": 0.28809873032015426,
    "WallPushups__44B693E50A": 0.266191241169764,
    "PushUps__D32D0AE8FE": 0.2914093200825463,
    "SoccerJuggling__C69DC2BA95": 0.30543560713760615,
    "PullUps__ECC5B7159E": 0.29627785132836926,
    "TennisSwing__1455B75D53": 0.2871085303698399,
    "HulaHoop__F5A132ACFA": 0.31254531662593515,
    "JumpingJack__AEBFB86DBB": 0.2539747984603394,
    "JumpingJack__A555392E40": 0.22954948669598427,
    "HulaHoop__17F60C05BB": 0.3323371220928754,
    "WallPushups__3E5D065663": 0.26835052356307887,
    "ThrowDiscus__1843E37A60": 0.2843569706576739,
    "JumpingJack__DB2804555C": 0.25540007442929025,
    "TennisSwing__E4A7E71228": 0.2878872204658597,
    "TennisSwing__90567E5672": 0.3023066536862721,
    "PushUps__08877B23D5": 0.29909884561727074,
    "ThrowDiscus__F97F74D4D2": 0.27475705006976187,
    "BodyWeightSquats__950D98CBB2": 0.2737255459145982,
    "PullUps__60841D0D80": 0.30156113589105527,
    "SoccerJuggling__07746EEA67": 0.3107968642387861,
    "TennisSwing__3549D0A70E": 0.2839974514496179,
    "BodyWeightSquats__7BA453EC47": 0.29954039508646185,
    "SoccerJuggling__30A9F8D3C7": 0.2992271940375483,
    "TennisSwing__8AF842BDB8": 0.30387456549538505,
    "SoccerJuggling__64479E6E4C": 0.32166132307791895,
    "TennisSwing__33FF6F1D27": 0.26086651855780757,
    "PushUps__83418AC2E2": 0.2839832814164864,
    "TennisSwing__C15598BD67": 0.27495862289454587,
    "PushUps__3B47DD6C44": 0.2895760979763297,
    "TennisSwing__E3A4C78EB1": 0.30506235499714696,
    "PullUps__20D44A580C": 0.2989379293169857,
    "HulaHoop__8A2DCBFB9C": 0.2934635087501171,
    "WallPushups__AAD1D21E45": 0.26651288903960885,
    "JumpingJack__4BCC8C5A61": 0.2379423090495354,
    "PushUps__4024D0E285": 0.3406608333421308,
    "ThrowDiscus__8B9F38F3A7": 0.31004293482432993,
    "WallPushups__C8E77804B1": 0.2864381414513255,
    "PullUps__549C32349C": 0.3017516078412995,
    "HulaHoop__F5696DABC6": 0.34500765455655813,
    "Shotput__F3E23C6EF4": 0.2680547798960662,
    "HulaHoop__A319F9701C": 0.3016705658317597,
    "SoccerJuggling__CB3D520DA5": 0.3221566622907465,
    "Shotput__6BF8AC0419": 0.2438542449179991,
    "BodyWeightSquats__3C6B850879": 0.25713238966317825,
    "JumpingJack__3362F62DDA": 0.23172266450193194,
    "ThrowDiscus__BCB8753179": 0.2690212932205939,
    "TennisSwing__1BC805DEEB": 0.28192869159910416,
    "TennisSwing__20114190FC": 0.31203611784203106,
    "Shotput__A8D298E032": 0.26544439399889275,
    "Shotput__5AC21D6257": 0.2821189525515534,
    "Shotput__468EBCBADC": 0.25400844978731735,
    "SoccerJuggling__A9C6C92F68": 0.29899648894635283,
    "PullUps__396D383CD2": 0.2919160016804687,
    "TennisSwing__CCAD9840BD": 0.30064501003785565,
    "ThrowDiscus__F0CCD21DE1": 0.2710271215485048,
    "JumpingJack__A2E48EE738": 0.2559279480645823,
    "BodyWeightSquats__9D4632E78C": 0.2939635390116845,
    "ThrowDiscus__E6B6A44D70": 0.2783792949924173,
    "PushUps__510F42A4DC": 0.28982675223311116,
    "HulaHoop__A9F75EB4A4": 0.3091316357139469,
    "HulaHoop__11F2AFE9B8": 0.3003966212272644,
    "Shotput__73A68F3E06": 0.28037706116014277,
    "TennisSwing__37087327FC": 0.2864370004151219,
    "WallPushups__E8E9E49C94": 0.2712691225284754,
    "Shotput__FB0C1D334F": 0.2843372050888282,
    "TennisSwing__DC3160FCF9": 0.27023016891361756,
    "Shotput__9DDB261574": 0.29268491129542507,
    "JumpingJack__1B76F9CB06": 0.24850399405867965,
    "ThrowDiscus__E640271639": 0.27038452940538893,
    "BodyWeightSquats__8BAB8EED20": 0.2916418229356224,
    "JumpingJack__AA0A8F59DF": 0.272324033173514,
    "TennisSwing__840EBC734B": 0.28688494824180916,
    "ThrowDiscus__F5CFC43072": 0.2813250245871367,
    "WallPushups__AA9E91AC78": 0.28812759636360924,
    "PushUps__6B3664B3F5": 0.2959946273833282,
    "HulaHoop__9536E9BBD0": 0.2825404837612034,
    "SoccerJuggling__946C23E28D": 0.3084172989970954,
    "BodyWeightSquats__28A4946E59": 0.28946926404339396,
    "Shotput__A29F85EDF9": 0.27456117743327296,
    "SoccerJuggling__9A9D2BCB8F": 0.30401816890563493,
    "Shotput__C17396CAA0": 0.2830299180893859,
    "BodyWeightSquats__EC084551C5": 0.29477119884749714,
    "PushUps__F6BA5FD889": 0.2960939451243526,
    "SoccerJuggling__43848FAC4C": 0.3009652299012325,
    "HulaHoop__3CBCCCE0EE": 0.3152941975944726,
    "SoccerJuggling__9346991BA9": 0.33372550186260724,
    "HulaHoop__2F4DB381FF": 0.3164842025733288,
    "Shotput__165124B9AA": 0.2713956075121266,
    "WallPushups__374C6526A1": 0.2677370945150538,
    "TennisSwing__C825352683": 0.29912510735929504,
    "JumpingJack__E932285652": 0.24759206175804138,
    "PushUps__78C531420D": 0.29147383847901986,
    "PushUps__EA8DC681B2": 0.2817298950236521,
    "HulaHoop__F7F4699D72": 0.294536500065415,
    "PushUps__82FC047CA6": 0.2855127195188822,
    "SoccerJuggling__73AA3D9EC7": 0.2952042702308371,
    "HulaHoop__7E779AAD26": 0.2863971556042447,
    "BodyWeightSquats__F5C8FFE984": 0.24999131077481795,
    "SoccerJuggling__6AA11769E2": 0.3077889312932521,
    "BodyWeightSquats__95848F0A36": 0.27173231738482334,
    "BodyWeightSquats__DA460A8AB0": 0.2940398299878882,
    "PullUps__5E6BEB6158": 0.3116621975750886,
    "BodyWeightSquats__AA790FD5D9": 0.2700929851443679,
    "JumpingJack__405DB1D9B9": 0.22868865489223858,
    "BodyWeightSquats__29465E587A": 0.2827327015788056,
    "Shotput__1E028E8E60": 0.283932669295205,
    "PushUps__317C5164DC": 0.28403521039761787,
    "SoccerJuggling__78D27056A6": 0.32002852524607633,
    "HulaHoop__630421D3AA": 0.2772333469287849,
    "SoccerJuggling__4C2DD1B8E9": 0.31803445505701805,
    "JumpingJack__C4E37ED79A": 0.24395237259628358,
    "BodyWeightSquats__BA7B377EFE": 0.2520238034242441,
    "WallPushups__79D75D95ED": 0.26058556853739684,
    "WallPushups__513D8F902E": 0.2547082791397394,
    "JumpingJack__45AAA1F4D2": 0.2575184158336969,
    "JumpingJack__C374FF8CB6": 0.24761723585365233,
    "PullUps__ED83343959": 0.2358125074778074,
    "ThrowDiscus__76D1727A9D": 0.29846664637695125,
    "WallPushups__E5D558A130": 0.3031829426318039,
    "WallPushups__862DDBECA0": 0.2841447415175261,
    "BodyWeightSquats__EF01742FC4": 0.28130673830823383,
    "Shotput__5AF393C1F8": 0.277321620042934,
    "WallPushups__200DE05CE1": 0.2726083195503847,
    "WallPushups__08E61004AC": 0.2534699150065119,
    "ThrowDiscus__19C4E7D64A": 0.31222631834274117,
    "Shotput__FD96A00600": 0.2777711539356797,
    "ThrowDiscus__A76A0EB406": 0.2637351285820165,
    "TennisSwing__A3791D8AED": 0.2734902011331662,
    "PushUps__6F3342B0C8": 0.28993445536321844,