{
  "BodyWeightSquats__07050FC646.mp4": -2.568020436507937,
  "BodyWeightSquats__28A4946E59.mp4": 3.691979563492063,
  "BodyWeightSquats__29465E587A.mp4": 2.871979563492063,
  "BodyWeightSquats__2EFE33F25E.mp4": 2.931979563492063,
  "BodyWeightSquats__3A85F0CF92.mp4": -2.408020436507937,
  "BodyWeightSquats__3C6B850879.mp4": -0.808020436507937,
  "BodyWeightSquats__3E134F11A3.mp4": 0.19197956349206297,
  "BodyWeightSquats__46F7E2CECC.mp4": -0.4480204365079369,
  "BodyWeightSquats__4E63C96142.mp4": 1.671979563492063,
  "BodyWeightSquats__7BA453EC47.mp4": 3.6919795634920627,
  "BodyWeightSquats__8BAB8EED20.mp4": 4.531979563492063,
  "BodyWeightSquats__950D98CBB2.mp4": 3.7119795634920627,
  "BodyWeightSquats__95848F0A36.mp4": 2.711979563492063,
  "BodyWeightSquats__96921FA692.mp4": -2.428020436507937,
  "BodyWeightSquats__9D4632E78C.mp4": 1.9319795634920631,
  "BodyWeightSquats__AA790FD5D9.mp4": -1.948020436507937,
  "BodyWeightSquats__BA7B377EFE.mp4": 4.6519795634920635,
  "BodyWeightSquats__C47BBC50FF.mp4": 2.6519795634920635,
  "BodyWeightSquats__CC97AE24F7.mp4": 5.611979563492063,
  "BodyWeightSquats__DA460A8AB0.mp4": 2.3519795634920633,
  "BodyWeightSquats__DB228B2AC8.mp4": 4.971979563492063,
  "BodyWeightSquats__EC084551C5.mp4": 3.5119795634920634,
  "BodyWeightSquats__EF01742FC4.mp4": 0.911979563492063,
  "BodyWeightSquats__F5C8FFE984.mp4": 2.3319795634920633,
  "HulaHoop__11F2AFE9B8.mp4": -1.9880204365079368,
  "HulaHoop__17F60C05BB.mp4": 1.451979563492063,
  "HulaHoop__23B6204A64.mp4": -2.308020436507937,
  "HulaHoop__2F4DB381FF.mp4": -1.528020436507937,
  "HulaHoop__3B9AC5B891.mp4": -1.828020436507937,
  "HulaHoop__3CBCCCE0EE.mp4": -0.6080204365079369,
  "HulaHoop__630421D3AA.mp4": -0.688020436507937,
  "HulaHoop__63678632DA.mp4": -1.808020436507937,
  "HulaHoop__7406BE3D1D.mp4": -1.048020436507937,
  "HulaHoop__7E779AAD26.mp4": -2.388020436507937,
  "HulaHoop__8098819339.mp4": -1.3080204365079369,
  "HulaHoop__8A2DCBFB9C.mp4": 1.1719795634920631,
  "HulaHoop__8C0A73A1CA.mp4": -0.44802043650793716,
  "HulaHoop__9536E9BBD0.mp4": -0.18802043650793712,
  "HulaHoop__A319F9701C.mp4": -2.068020436507937,
  "HulaHoop__A9F75EB4A4.mp4": -2.308020436507937,
  "HulaHoop__B9701C9EDA.mp4": -2.048020436507937,
  "HulaHoop__BFF45AC2D1.mp4": -0.9880204365079368,
  "HulaHoop__C6C540249F.mp4": -1.3080204365079369,
  "HulaHoop__D73F4B2952.mp4": -0.748020436507937,
  "HulaHoop__DE6B51DCF7.mp4": -0.988020436507937,
  "HulaHoop__F5696DABC6.mp4": 1.411979563492063,
  "HulaHoop__F5A132ACFA.mp4": -2.368020436507937,
  "HulaHoop__F7F4699D72.mp4": -2.328020436507937,
  "JumpingJack__1B76F9CB06.mp4": -2.448020436507937,
  "JumpingJack__22579A4055.mp4": 0.791979563492063,
  "JumpingJack__23BA62A1FB.mp4": -2.288020436507937,
  "JumpingJack__3362F62DDA.mp4": -0.308020436507937,
  "JumpingJack__349C9CBF2F.mp4": -1.9080204365079367,
  "JumpingJack__405DB1D9B9.mp4": -2.488020436507937,
  "JumpingJack__45AAA1F4D2.mp4": -1.368020436507937,
  "JumpingJack__4BCC8C5A61.mp4": -0.908020436507937,
  "JumpingJack__564811D512.mp4": -2.488020436507937,
  "JumpingJack__622686EF4A.mp4": -0.908020436507937,
  "JumpingJack__7EF4D29373.mp4": -1.928020436507937,
  "JumpingJack__8127FBF182.mp4": 0.951979563492063,
  "JumpingJack__84B8D15544.mp4": 0.23264732142857092,
  "JumpingJack__871599BC8C.mp4": 1.6326473214285708,
  "JumpingJack__A2E48EE738.mp4": -2.833142857142858,
  "JumpingJack__A555392E40.mp4": -1.5331428571428578,
  "JumpingJack__AA0A8F59DF.mp4": 0.4036666666666664,
  "JumpingJack__AEBFB86DBB.mp4": -2.3028465608465614,
  "JumpingJack__B2EE81975E.mp4": -1.8028465608465616,
  "JumpingJack__C374FF8CB6.mp4": 0.2831405423280417,
  "JumpingJack__C4B83C078A.mp4": -2.317352678571429,
  "JumpingJack__C4E37ED79A.mp4": 2.432647321428571,
  "JumpingJack__DB2804555C.mp4": -3.033142857142858,
  "JumpingJack__E932285652.mp4": -3.033142857142858,
  "PullUps__143E0180F7.mp4": -2.096333333333334,
  "PullUps__1FCE66C9CE.mp4": 3.597153439153438,
  "PullUps__20D44A580C.mp4": 5.063820105820105,
  "PullUps__24C917A372.mp4": 0.8498072089947081,
  "PullUps__396D383CD2.mp4": 2.332647321428571,
  "PullUps__44A6BE899B.mp4": 3.382647321428571,
  "PullUps__549C32349C.mp4": 4.366857142857142,
  "PullUps__5851DE3219.mp4": -2.033142857142858,
  "PullUps__5E6BEB6158.mp4": -2.596333333333334,
  "PullUps__60841D0D80.mp4": 5.430486772486771,
  "PullUps__6691BD66D4.mp4": 4.797153439153439,
  "PullUps__6F8F917E2D.mp4": 3.8164738756613747,
  "PullUps__76621C5EA2.mp4": -2.367352678571429,
  "PullUps__79F3FA765E.mp4": 3.532647321428571,
  "PullUps__8E38D852CE.mp4": -1.633142857142858,
  "PullUps__9AF11B5B6C.mp4": 5.666857142857142,
  "PullUps__AE9B542F38.mp4": -2.2963333333333336,
  "PullUps__B8E14E74EC.mp4": 4.697153439153438,
  "PullUps__C224A83B82.mp4": 2.2638201058201055,
  "PullUps__DD291EF9E5.mp4": -2.6168594576719584,
  "PullUps__E003CBE3E7.mp4": 3.082647321428571,
  "PullUps__E263BBDD87.mp4": 4.082647321428571,
  "PullUps__ECC5B7159E.mp4": 0.5668571428571418,
  "PullUps__ED83343959.mp4": -2.333142857142858,
  "PushUps__0093320D10.mp4": 4.5536666666666665,
  "PushUps__08877B23D5.mp4": 2.5638201058201053,
  "PushUps__317C5164DC.mp4": 3.563820105820105,
  "PushUps__39322EC7F3.mp4": 3.083140542328042,
  "PushUps__3B47DD6C44.mp4": 1.1326473214285708,
  "PushUps__4024D0E285.mp4": 2.6826473214285707,
  "PushUps__510F42A4DC.mp4": 4.866857142857142,
  "PushUps__6A42AB2DCE.mp4": 5.466857142857141,
  "PushUps__6B3664B3F5.mp4": 5.3036666666666665,
  "PushUps__6F3342B0C8.mp4": 4.363820105820105,
  "PushUps__78C531420D.mp4": 1.9304867724867723,
  "PushUps__804AD882A8.mp4": 2.416473875661375,
  "PushUps__81177C6CEF.mp4": 5.482647321428571,
  "PushUps__82FC047CA6.mp4": 4.232647321428571,
  "PushUps__83418AC2E2.mp4": 4.266857142857142,
  "PushUps__8901318275.mp4": -3.233142857142858,
  "PushUps__8EC91B0CDD.mp4": 4.5536666666666665,
  "PushUps__9167C02A9F.mp4": 3.6304867724867713,
  "PushUps__BC73F19D56.mp4": -1.6361798941798948,
  "PushUps__D32D0AE8FE.mp4": 2.716473875661375,
  "PushUps__E4F386333D.mp4": 1.632647321428571,
  "PushUps__EA8DC681B2.mp4": -2.917352678571429,
  "PushUps__F6BA5FD889.mp4": -0.6331428571428579,
  "PushUps__F8D272D37C.mp4": -1.833142857142858,
  "Shotput__165124B9AA.mp4": -2.846333333333334,
  "Shotput__1E028E8E60.mp4": -1.936179894179895,
  "Shotput__1EC6A393C3.mp4": -1.369513227513228,
  "Shotput__23E2168E3E.mp4": -2.3501927910052918,
  "Shotput__2914259C5A.mp4": -2.667352678571429,
  "Shotput__3B9E45D7CA.mp4": -2.817352678571429,
  "Shotput__468EBCBADC.mp4": -2.533142857142858,
  "Shotput__522008A25F.mp4": -2.533142857142858,
  "Shotput__5AC21D6257.mp4": -2.4463333333333335,
  "Shotput__5AF393C1F8.mp4": -2.3361798941798946,
  "Shotput__5CFF1911ED.mp4": -1.469513227513228,
  "Shotput__6BF8AC0419.mp4": -2.650192791005292,
  "Shotput__73A68F3E06.mp4": -3.017352678571429,
  "Shotput__75DCBAB1AB.mp4": -2.867352678571429,
  "Shotput__9DDB261574.mp4": -2.733142857142858,
  "Shotput__A29F85EDF9.mp4": -2.833142857142858,
  "Shotput__A8D298E032.mp4": -2.7463333333333337,
  "Shotput__B41D8A10A6.mp4": -2.269513227513228,
  "Shotput__C17396CAA0.mp4": -2.137698412698413,
  "Shotput__E523D6BF6C.mp4": -2.1587177579365084,
  "Shotput__F3E23C6EF4.mp4": -3.0015625000000004,
  "Shotput__F87B65A082.mp4": -2.9015625000000003,
  "Shotput__FD96A00600.mp4": -3.233142857142858,
  "SoccerJuggling__07746EEA67.mp4": 4.753666666666666,
  "SoccerJuggling__1202116ED0.mp4": 2.5638201058201053,
  "SoccerJuggling__15A2489964.mp4": -1.9376984126984134,
  "SoccerJuggling__196246B05D.mp4": 2.0912822420634916,
  "SoccerJuggling__1D8184510A.mp4": 0.6984374999999998,
  "SoccerJuggling__21D84C98FE.mp4": -3.0015625000000004,
  "SoccerJuggling__43848FAC4C.mp4": -2.533142857142858,
  "SoccerJuggling__4C2DD1B8E9.mp4": -1.1463333333333336,
  "SoccerJuggling__64479E6E4C.mp4": 1.7971534391534385,
  "SoccerJuggling__6AA11769E2.mp4": -0.7376984126984132,
  "SoccerJuggling__73AA3D9EC7.mp4": -2.2587177579365085,