{
  "BodyWeightSquats__07050FC646.mp4": -3.562419742063492,
  "BodyWeightSquats__28A4946E59.mp4": 3.597580257936508,
  "BodyWeightSquats__29465E587A.mp4": 0.13758025793650805,
  "BodyWeightSquats__2EFE33F25E.mp4": 3.697580257936508,
  "BodyWeightSquats__3A85F0CF92.mp4": -0.7824197420634922,
  "BodyWeightSquats__3C6B850879.mp4": 0.13758025793650797,
  "BodyWeightSquats__3E134F11A3.mp4": -3.462419742063492,
  "BodyWeightSquats__46F7E2CECC.mp4": 3.437580257936508,
  "BodyWeightSquats__4E63C96142.mp4": -0.9624197420634919,
  "BodyWeightSquats__7BA453EC47.mp4": 3.637580257936508,
  "BodyWeightSquats__8BAB8EED20.mp4": 2.597580257936508,
  "BodyWeightSquats__950D98CBB2.mp4": 0.4175802579365079,
  "BodyWeightSquats__95848F0A36.mp4": -1.6424197420634923,
  "BodyWeightSquats__96921FA692.mp4": 1.117580257936508,
  "BodyWeightSquats__9D4632E78C.mp4": 1.137580257936508,
  "BodyWeightSquats__AA790FD5D9.mp4": 0.9175802579365081,
  "BodyWeightSquats__BA7B377EFE.mp4": 3.2575802579365076,
  "BodyWeightSquats__C47BBC50FF.mp4": 2.8375802579365077,
  "BodyWeightSquats__CC97AE24F7.mp4": 3.6175802579365084,
  "BodyWeightSquats__DA460A8AB0.mp4": -0.442419742063492,
  "BodyWeightSquats__DB228B2AC8.mp4": 3.057580257936508,
  "BodyWeightSquats__EC084551C5.mp4": -2.5824197420634922,
  "BodyWeightSquats__EF01742FC4.mp4": -1.902419742063492,
  "BodyWeightSquats__F5C8FFE984.mp4": 1.2975802579365079,
  "HulaHoop__11F2AFE9B8.mp4": 0.39758025793650803,
  "HulaHoop__17F60C05BB.mp4": 0.077580257936508,
  "HulaHoop__23B6204A64.mp4": -0.8224197420634922,
  "HulaHoop__2F4DB381FF.mp4": -0.7224197420634921,
  "HulaHoop__3B9AC5B891.mp4": -1.7424197420634921,
  "HulaHoop__3CBCCCE0EE.mp4": -0.5224197420634921,
  "HulaHoop__630421D3AA.mp4": -3.042419742063492,
  "HulaHoop__63678632DA.mp4": 3.0175802579365083,
  "HulaHoop__7406BE3D1D.mp4": -0.4424197420634921,
  "HulaHoop__7E779AAD26.mp4": -0.7824197420634917,
  "HulaHoop__8098819339.mp4": -2.462419742063492,
  "HulaHoop__8A2DCBFB9C.mp4": 2.857580257936508,
  "HulaHoop__8C0A73A1CA.mp4": 2.537580257936508,
  "HulaHoop__9536E9BBD0.mp4": 0.29758025793650783,
  "HulaHoop__A319F9701C.mp4": -1.122419742063492,
  "HulaHoop__A9F75EB4A4.mp4": -3.1624197420634923,
  "HulaHoop__B9701C9EDA.mp4": 3.0575802579365083,
  "HulaHoop__BFF45AC2D1.mp4": 0.7375802579365082,
  "HulaHoop__C6C540249F.mp4": 1.8575802579365077,
  "HulaHoop__D73F4B2952.mp4": -2.502419742063492,
  "HulaHoop__DE6B51DCF7.mp4": 2.537580257936508,
  "HulaHoop__F5696DABC6.mp4": 2.577580257936508,
  "HulaHoop__F5A132ACFA.mp4": -2.142419742063492,
  "HulaHoop__F7F4699D72.mp4": -0.30241974206349187,
  "JumpingJack__1B76F9CB06.mp4": -2.422419742063492,
  "JumpingJack__22579A4055.mp4": 2.6775802579365076,
  "JumpingJack__23BA62A1FB.mp4": -3.142419742063492,
  "JumpingJack__3362F62DDA.mp4": -0.8224197420634919,
  "JumpingJack__349C9CBF2F.mp4": -3.642419742063492,
  "JumpingJack__405DB1D9B9.mp4": -1.2424197420634921,
  "JumpingJack__45AAA1F4D2.mp4": 2.1775802579365076,
  "JumpingJack__4BCC8C5A61.mp4": 2.537580257936508,
  "JumpingJack__564811D512.mp4": -3.202419742063492,
  "JumpingJack__622686EF4A.mp4": -2.0224197420634917,
  "JumpingJack__7EF4D29373.mp4": -2.9824197420634926,
  "JumpingJack__8127FBF182.mp4": 0.9175802579365078,
  "JumpingJack__84B8D15544.mp4": -1.4530334821428563,
  "JumpingJack__871599BC8C.mp4": 2.446966517857143,
  "JumpingJack__A2E48EE738.mp4": -0.4302857142857137,
  "JumpingJack__A555392E40.mp4": 0.8697142857142861,
  "JumpingJack__AA0A8F59DF.mp4": -1.5913333333333333,
  "JumpingJack__AEBFB86DBB.mp4": -0.31988359788359794,
  "JumpingJack__B2EE81975E.mp4": -2.2865502645502644,
  "JumpingJack__C374FF8CB6.mp4": 1.8723163029100531,
  "JumpingJack__C4B83C078A.mp4": -1.2530334821428564,
  "JumpingJack__C4E37ED79A.mp4": 1.4469665178571436,
  "JumpingJack__DB2804555C.mp4": 1.5697142857142872,
  "JumpingJack__E932285652.mp4": 1.7697142857142865,
  "PullUps__143E0180F7.mp4": -1.541333333333333,
  "PullUps__1FCE66C9CE.mp4": 1.8134497354497352,
  "PullUps__20D44A580C.mp4": 1.5801164021164018,
  "PullUps__24C917A372.mp4": 1.8056496362433865,
  "PullUps__396D383CD2.mp4": -5.103033482142857,
  "PullUps__44A6BE899B.mp4": 1.096966517857143,
  "PullUps__549C32349C.mp4": 0.16971428571428682,
  "PullUps__5851DE3219.mp4": 0.8697142857142861,
  "PullUps__5E6BEB6158.mp4": 3.258666666666667,
  "PullUps__60841D0D80.mp4": 2.0801164021164023,
  "PullUps__6691BD66D4.mp4": 1.7467830687830688,
  "PullUps__6F8F917E2D.mp4": -0.96101703042328,
  "PullUps__76621C5EA2.mp4": -0.4030334821428565,
  "PullUps__79F3FA765E.mp4": -0.6030334821428562,
  "PullUps__8E38D852CE.mp4": -0.5302857142857134,
  "PullUps__9AF11B5B6C.mp4": 1.2697142857142865,
  "PullUps__AE9B542F38.mp4": 3.1086666666666676,
  "PullUps__B8E14E74EC.mp4": 2.7134497354497356,
  "PullUps__C224A83B82.mp4": 1.746783068783069,
  "PullUps__DD291EF9E5.mp4": -4.86101703042328,
  "PullUps__E003CBE3E7.mp4": -2.3530334821428567,
  "PullUps__E263BBDD87.mp4": -4.503033482142857,
  "PullUps__ECC5B7159E.mp4": -6.130285714285714,
  "PullUps__ED83343959.mp4": -0.9302857142857137,
  "PushUps__0093320D10.mp4": 2.808666666666667,
  "PushUps__08877B23D5.mp4": 2.9467830687830685,
  "PushUps__317C5164DC.mp4": 0.44678306878306895,
  "PushUps__39322EC7F3.mp4": 1.972316302910053,
  "PushUps__3B47DD6C44.mp4": -5.053033482142856,
  "PushUps__4024D0E285.mp4": 1.8969665178571429,
  "PushUps__510F42A4DC.mp4": 1.369714285714286,
  "PushUps__6A42AB2DCE.mp4": 1.4697142857142858,
  "PushUps__6B3664B3F5.mp4": 3.2086666666666672,
  "PushUps__6F3342B0C8.mp4": 3.013449735449735,
  "PushUps__78C531420D.mp4": 1.346783068783069,
  "PushUps__804AD882A8.mp4": 1.2056496362433864,
  "PushUps__81177C6CEF.mp4": 2.1969665178571436,
  "PushUps__82FC047CA6.mp4": 0.19696651785714359,
  "PushUps__83418AC2E2.mp4": 1.0697142857142872,
  "PushUps__8901318275.mp4": 1.1697142857142868,
  "PushUps__8EC91B0CDD.mp4": 3.058666666666667,
  "PushUps__9167C02A9F.mp4": 0.28011640211640226,
  "PushUps__BC73F19D56.mp4": 2.3801164021164025,
  "PushUps__D32D0AE8FE.mp4": -1.7943503637566136,
  "PushUps__E4F386333D.mp4": -2.0530334821428564,
  "PushUps__EA8DC681B2.mp4": 2.346966517857143,
  "PushUps__F6BA5FD889.mp4": -0.4302857142857137,
  "PushUps__F8D272D37C.mp4": 1.5697142857142872,
  "Shotput__165124B9AA.mp4": -2.441333333333333,
  "Shotput__1E028E8E60.mp4": 1.746783068783069,
  "Shotput__1EC6A393C3.mp4": 1.0467830687830688,
  "Shotput__23E2168E3E.mp4": -1.8610170304232803,
  "Shotput__2914259C5A.mp4": 0.7469665178571434,
  "Shotput__3B9E45D7CA.mp4": 0.2969665178571437,
  "Shotput__468EBCBADC.mp4": -2.330285714285713,
  "Shotput__522008A25F.mp4": -1.4302857142857137,
  "Shotput__5AC21D6257.mp4": -3.4913333333333334,
  "Shotput__5AF393C1F8.mp4": -3.4198835978835977,
  "Shotput__5CFF1911ED.mp4": 1.0467830687830688,
  "Shotput__6BF8AC0419.mp4": -3.994350363756613,
  "Shotput__73A68F3E06.mp4": -0.653033482142857,
  "Shotput__75DCBAB1AB.mp4": -1.1030334821428567,
  "Shotput__9DDB261574.mp4": 0.7697142857142865,
  "Shotput__A29F85EDF9.mp4": -4.7302857142857135,
  "Shotput__A8D298E032.mp4": -1.841333333333333,
  "Shotput__B41D8A10A6.mp4": -0.5865502645502643,
  "Shotput__C17396CAA0.mp4": -2.86468253968254,
  "Shotput__E523D6BF6C.mp4": 0.07361731150793638,
  "Shotput__F3E23C6EF4.mp4": 0.12421875000000071,
  "Shotput__F87B65A082.mp4": -2.8757812499999997,
  "Shotput__FD96A00600.mp4": 1.369714285714286,
  "SoccerJuggling__07746EEA67.mp4": 3.058666666666667,
  "SoccerJuggling__1202116ED0.mp4": -1.4532169312169312,
  "SoccerJuggling__15A2489964.mp4": 2.9353174603174597,
  "SoccerJuggling__196246B05D.mp4": -0.27638268849206327,
  "SoccerJuggling__1D8184510A.mp4": 1.2242187500000004,
  "SoccerJuggling__21D84C98FE.mp4": 3.52421875,
  "SoccerJuggling__43848FAC4C.mp4": 1.0697142857142872,
  "SoccerJuggling__4C2DD1B8E9.mp4": 2.808666666666667,
  "SoccerJuggling__64479E6E4C.mp4": -2.4865502645502646,
  "SoccerJuggling__6AA11769E2.mp4": 1.7853174603174602,
  "SoccerJuggling__73AA3D9EC7.mp4": 2.9736173115079367,