{
  "BodyWeightSquats__07050FC646.mp4": -0.626587202380952,
  "BodyWeightSquats__28A4946E59.mp4": 3.073412797619048,
  "BodyWeightSquats__29465E587A.mp4": 1.7134127976190485,
  "BodyWeightSquats__2EFE33F25E.mp4": 3.233412797619048,
  "BodyWeightSquats__3A85F0CF92.mp4": -3.0065872023809517,
  "BodyWeightSquats__3C6B850879.mp4": 2.7734127976190486,
  "BodyWeightSquats__3E134F11A3.mp4": -2.0465872023809517,
  "BodyWeightSquats__46F7E2CECC.mp4": 3.293412797619048,
  "BodyWeightSquats__4E63C96142.mp4": 0.8734127976190484,
  "BodyWeightSquats__7BA453EC47.mp4": 2.933412797619048,
  "BodyWeightSquats__8BAB8EED20.mp4": 2.9934127976190483,
  "BodyWeightSquats__950D98CBB2.mp4": 0.5934127976190482,
  "BodyWeightSquats__95848F0A36.mp4": -3.406587202380952,
  "BodyWeightSquats__96921FA692.mp4": -1.006587202380952,
  "BodyWeightSquats__9D4632E78C.mp4": 0.11341279761904799,
  "BodyWeightSquats__AA790FD5D9.mp4": -0.6865872023809519,
  "BodyWeightSquats__BA7B377EFE.mp4": 2.9934127976190483,
  "BodyWeightSquats__C47BBC50FF.mp4": 2.4934127976190483,
  "BodyWeightSquats__CC97AE24F7.mp4": 3.1134127976190484,
  "BodyWeightSquats__DA460A8AB0.mp4": -2.066587202380952,
  "BodyWeightSquats__DB228B2AC8.mp4": 3.0134127976190483,
  "BodyWeightSquats__EC084551C5.mp4": -1.4665872023809516,
  "BodyWeightSquats__EF01742FC4.mp4": -2.166587202380952,
  "BodyWeightSquats__F5C8FFE984.mp4": 1.6334127976190485,
  "HulaHoop__11F2AFE9B8.mp4": -0.7865872023809517,
  "HulaHoop__17F60C05BB.mp4": -0.3465872023809517,
  "HulaHoop__23B6204A64.mp4": -0.5465872023809519,
  "HulaHoop__2F4DB381FF.mp4": -0.32658720238095196,
  "HulaHoop__3B9AC5B891.mp4": -1.2465872023809519,
  "HulaHoop__3CBCCCE0EE.mp4": -1.466587202380952,
  "HulaHoop__630421D3AA.mp4": -3.766587202380952,
  "HulaHoop__63678632DA.mp4": 3.1134127976190475,
  "HulaHoop__7406BE3D1D.mp4": -1.1065872023809515,
  "HulaHoop__7E779AAD26.mp4": 1.473412797619048,
  "HulaHoop__8098819339.mp4": -1.506587202380952,
  "HulaHoop__8A2DCBFB9C.mp4": 1.6534127976190482,
  "HulaHoop__8C0A73A1CA.mp4": 0.7734127976190484,
  "HulaHoop__9536E9BBD0.mp4": -0.48658720238095166,
  "HulaHoop__A319F9701C.mp4": -0.5465872023809518,
  "HulaHoop__A9F75EB4A4.mp4": -4.386587202380952,
  "HulaHoop__B9701C9EDA.mp4": 2.353412797619048,
  "HulaHoop__BFF45AC2D1.mp4": 2.113412797619048,
  "HulaHoop__C6C540249F.mp4": 2.273412797619048,
  "HulaHoop__D73F4B2952.mp4": -2.686587202380952,
  "HulaHoop__DE6B51DCF7.mp4": 2.4334127976190483,
  "HulaHoop__F5696DABC6.mp4": 2.4134127976190483,
  "HulaHoop__F5A132ACFA.mp4": -3.2665872023809515,
  "HulaHoop__F7F4699D72.mp4": -2.826587202380952,
  "JumpingJack__1B76F9CB06.mp4": -1.4265872023809518,
  "JumpingJack__22579A4055.mp4": 2.6134127976190484,
  "JumpingJack__23BA62A1FB.mp4": -3.826587202380952,
  "JumpingJack__3362F62DDA.mp4": 0.25341279761904795,
  "JumpingJack__349C9CBF2F.mp4": -3.0065872023809517,
  "JumpingJack__405DB1D9B9.mp4": -1.426587202380952,
  "JumpingJack__45AAA1F4D2.mp4": 2.013412797619048,
  "JumpingJack__4BCC8C5A61.mp4": 2.813412797619048,
  "JumpingJack__564811D512.mp4": -3.8465872023809515,
  "JumpingJack__622686EF4A.mp4": -2.206587202380952,
  "JumpingJack__7EF4D29373.mp4": -2.3465872023809515,
  "JumpingJack__8127FBF182.mp4": 2.4934127976190483,
  "JumpingJack__84B8D15544.mp4": -2.9976584821428567,
  "JumpingJack__871599BC8C.mp4": 1.9523415178571435,
  "JumpingJack__A2E48EE738.mp4": 0.361714285714287,
  "JumpingJack__A555392E40.mp4": -0.5382857142857134,
  "JumpingJack__AA0A8F59DF.mp4": -0.7385873015872999,
  "JumpingJack__AEBFB86DBB.mp4": -0.061968253968253194,
  "JumpingJack__B2EE81975E.mp4": 0.03803174603174734,
  "JumpingJack__C374FF8CB6.mp4": 1.8319842923280427,
  "JumpingJack__C4B83C078A.mp4": -1.497658482142857,
  "JumpingJack__C4E37ED79A.mp4": 1.7523415178571438,
  "JumpingJack__DB2804555C.mp4": 0.861714285714287,
  "JumpingJack__E932285652.mp4": 0.1617142857142877,
  "PullUps__143E0180F7.mp4": 1.5114126984126997,
  "PullUps__1FCE66C9CE.mp4": -2.2953015873015863,
  "PullUps__20D44A580C.mp4": 2.27136507936508,
  "PullUps__24C917A372.mp4": -0.6680157076719571,
  "PullUps__396D383CD2.mp4": -2.5476584821428565,
  "PullUps__44A6BE899B.mp4": 1.3023415178571431,
  "PullUps__549C32349C.mp4": 1.2617142857142873,
  "PullUps__5851DE3219.mp4": 0.5617142857142863,
  "PullUps__5E6BEB6158.mp4": 2.8114126984127004,
  "PullUps__60841D0D80.mp4": 1.4046984126984137,
  "PullUps__6691BD66D4.mp4": 1.2046984126984135,
  "PullUps__6F8F917E2D.mp4": 1.3986509589947091,
  "PullUps__76621C5EA2.mp4": -0.2976584821428565,
  "PullUps__79F3FA765E.mp4": 0.25234151785714287,
  "PullUps__8E38D852CE.mp4": 0.361714285714287,
  "PullUps__9AF11B5B6C.mp4": -0.23828571428571266,
  "PullUps__AE9B542F38.mp4": 1.9114126984126996,
  "PullUps__B8E14E74EC.mp4": 2.038031746031747,
  "PullUps__C224A83B82.mp4": 2.2380317460317474,
  "PullUps__DD291EF9E5.mp4": -4.468015707671957,
  "PullUps__E003CBE3E7.mp4": -1.847658482142857,
  "PullUps__E263BBDD87.mp4": -4.147658482142857,
  "PullUps__ECC5B7159E.mp4": -4.838285714285713,
  "PullUps__ED83343959.mp4": 0.26171428571428734,
  "PushUps__0093320D10.mp4": 2.8114126984126995,
  "PushUps__08877B23D5.mp4": 2.4713650793650803,
  "PushUps__317C5164DC.mp4": 2.238031746031747,
  "PushUps__39322EC7F3.mp4": 1.4319842923280428,
  "PushUps__3B47DD6C44.mp4": -1.4976584821428562,
  "PushUps__4024D0E285.mp4": 1.7023415178571435,
  "PushUps__510F42A4DC.mp4": 1.0617142857142863,
  "PushUps__6A42AB2DCE.mp4": 1.2617142857142873,
  "PushUps__6B3664B3F5.mp4": 0.26141269841269965,
  "PushUps__6F3342B0C8.mp4": 2.5713650793650804,
  "PushUps__78C531420D.mp4": 1.6046984126984134,
  "PushUps__804AD882A8.mp4": 2.365317625661376,
  "PushUps__81177C6CEF.mp4": 2.652341517857143,
  "PushUps__82FC047CA6.mp4": 1.7523415178571438,
  "PushUps__83418AC2E2.mp4": 1.2617142857142873,
  "PushUps__8901318275.mp4": 1.1617142857142877,
  "PushUps__8EC91B0CDD.mp4": 0.1114126984126993,
  "PushUps__9167C02A9F.mp4": 0.2713650793650803,
  "PushUps__BC73F19D56.mp4": 1.1713650793650805,
  "PushUps__D32D0AE8FE.mp4": 1.4986509589947097,
  "PushUps__E4F386333D.mp4": 0.05234151785714314,
  "PushUps__EA8DC681B2.mp4": 2.202341517857143,
  "PushUps__F6BA5FD889.mp4": 0.9617142857142866,
  "PushUps__F8D272D37C.mp4": 1.1617142857142877,
  "Shotput__165124B9AA.mp4": -5.538587301587301,
  "Shotput__1E028E8E60.mp4": -0.0619682539682526,
  "Shotput__1EC6A393C3.mp4": -0.7286349206349195,
  "Shotput__23E2168E3E.mp4": -2.0680157076719574,
  "Shotput__2914259C5A.mp4": 0.9023415178571432,
  "Shotput__3B9E45D7CA.mp4": -2.047658482142857,
  "Shotput__468EBCBADC.mp4": 0.861714285714287,
  "Shotput__522008A25F.mp4": -1.5382857142857134,
  "Shotput__5AC21D6257.mp4": -1.4885873015873,
  "Shotput__5AF393C1F8.mp4": -1.4953015873015865,
  "Shotput__5CFF1911ED.mp4": 1.3046984126984134,
  "Shotput__6BF8AC0419.mp4": -5.268015707671958,
  "Shotput__73A68F3E06.mp4": 0.4523415178571435,
  "Shotput__75DCBAB1AB.mp4": -0.2976584821428563,
  "Shotput__9DDB261574.mp4": 0.46171428571428663,
  "Shotput__A29F85EDF9.mp4": 0.46171428571428663,
  "Shotput__A8D298E032.mp4": -1.9885873015873,
  "Shotput__B41D8A10A6.mp4": -3.9286349206349196,
  "Shotput__C17396CAA0.mp4": -1.973809523809523,
  "Shotput__E523D6BF6C.mp4": -0.2328807043650798,
  "Shotput__F3E23C6EF4.mp4": -0.05703125000000053,
  "Shotput__F87B65A082.mp4": -2.8570312500000004,
  "Shotput__FD96A00600.mp4": 1.2617142857142873,
  "SoccerJuggling__07746EEA67.mp4": 0.26141269841269965,
  "SoccerJuggling__1202116ED0.mp4": -1.0619682539682527,
  "SoccerJuggling__15A2489964.mp4": -1.7738095238095228,
  "SoccerJuggling__196246B05D.mp4": 0.8171192956349209,
  "SoccerJuggling__1D8184510A.mp4": 0.9429687499999995,
  "SoccerJuggling__21D84C98FE.mp4": 3.4429687499999995,
  "SoccerJuggling__43848FAC4C.mp4": 0.361714285714287,
  "SoccerJuggling__4C2DD1B8E9.mp4": -2.3885873015873003,
  "SoccerJuggling__64479E6E4C.mp4": -2.861968253968253,
  "SoccerJuggling__6AA11769E2.mp4": 2.526190476190477,
  "SoccerJuggling__73AA3D9EC7.mp4": 2.6171192956349203,