{
  "BodyWeightSquats__07050FC646.mp4": -3.1893767857142854,
  "BodyWeightSquats__28A4946E59.mp4": 4.650623214285714,
  "BodyWeightSquats__29465E587A.mp4": 2.7706232142857146,
  "BodyWeightSquats__2EFE33F25E.mp4": 4.010623214285715,
  "BodyWeightSquats__3A85F0CF92.mp4": -2.5293767857142853,
  "BodyWeightSquats__3C6B850879.mp4": 3.230623214285715,
  "BodyWeightSquats__3E134F11A3.mp4": -0.8293767857142852,
  "BodyWeightSquats__46F7E2CECC.mp4": 4.310623214285714,
  "BodyWeightSquats__4E63C96142.mp4": 1.7306232142857148,
  "BodyWeightSquats__7BA453EC47.mp4": 4.1706232142857145,
  "BodyWeightSquats__8BAB8EED20.mp4": 2.9706232142857147,
  "BodyWeightSquats__950D98CBB2.mp4": 3.350623214285715,
  "BodyWeightSquats__95848F0A36.mp4": -2.369376785714285,
  "BodyWeightSquats__96921FA692.mp4": -1.0493767857142853,
  "BodyWeightSquats__9D4632E78C.mp4": 1.9306232142857147,
  "BodyWeightSquats__AA790FD5D9.mp4": -0.3693767857142854,
  "BodyWeightSquats__BA7B377EFE.mp4": 4.290623214285715,
  "BodyWeightSquats__C47BBC50FF.mp4": 1.6506232142857147,
  "BodyWeightSquats__CC97AE24F7.mp4": 4.610623214285715,
  "BodyWeightSquats__DA460A8AB0.mp4": 1.5506232142857148,
  "BodyWeightSquats__DB228B2AC8.mp4": 4.250623214285715,
  "BodyWeightSquats__EC084551C5.mp4": 1.7306232142857145,
  "BodyWeightSquats__EF01742FC4.mp4": -1.4893767857142852,
  "BodyWeightSquats__F5C8FFE984.mp4": 1.8706232142857147,
  "HulaHoop__11F2AFE9B8.mp4": -2.389376785714285,
  "HulaHoop__17F60C05BB.mp4": 1.5706232142857146,
  "HulaHoop__23B6204A64.mp4": -0.36937678571428545,
  "HulaHoop__2F4DB381FF.mp4": -1.4293767857142854,
  "HulaHoop__3B9AC5B891.mp4": -2.349376785714285,
  "HulaHoop__3CBCCCE0EE.mp4": -0.7893767857142854,
  "HulaHoop__630421D3AA.mp4": -2.9093767857142856,
  "HulaHoop__63678632DA.mp4": 0.9906232142857148,
  "HulaHoop__7406BE3D1D.mp4": -2.309376785714285,
  "HulaHoop__7E779AAD26.mp4": -1.2693767857142852,
  "HulaHoop__8098819339.mp4": -2.309376785714285,
  "HulaHoop__8A2DCBFB9C.mp4": 1.9106232142857145,
  "HulaHoop__8C0A73A1CA.mp4": -0.009376785714285329,
  "HulaHoop__9536E9BBD0.mp4": -0.8293767857142853,
  "HulaHoop__A319F9701C.mp4": -0.6093767857142852,
  "HulaHoop__A9F75EB4A4.mp4": -2.6693767857142854,
  "HulaHoop__B9701C9EDA.mp4": -0.4493767857142852,
  "HulaHoop__BFF45AC2D1.mp4": -1.0293767857142853,
  "HulaHoop__C6C540249F.mp4": 0.17062321428571475,
  "HulaHoop__D73F4B2952.mp4": -1.9293767857142854,
  "HulaHoop__DE6B51DCF7.mp4": -1.2893767857142853,
  "HulaHoop__F5696DABC6.mp4": 0.8906232142857146,
  "HulaHoop__F5A132ACFA.mp4": -2.449376785714285,
  "HulaHoop__F7F4699D72.mp4": -0.9493767857142853,
  "JumpingJack__1B76F9CB06.mp4": -2.969376785714285,
  "JumpingJack__22579A4055.mp4": 1.470623214285715,
  "JumpingJack__23BA62A1FB.mp4": -3.609376785714285,
  "JumpingJack__3362F62DDA.mp4": -0.10937678571428525,
  "JumpingJack__349C9CBF2F.mp4": -3.0093767857142852,
  "JumpingJack__405DB1D9B9.mp4": -2.0493767857142853,
  "JumpingJack__45AAA1F4D2.mp4": 0.4506232142857147,
  "JumpingJack__4BCC8C5A61.mp4": 1.5306232142857144,
  "JumpingJack__564811D512.mp4": -3.5493767857142857,
  "JumpingJack__622686EF4A.mp4": -1.5293767857142853,
  "JumpingJack__7EF4D29373.mp4": -3.109376785714285,
  "JumpingJack__8127FBF182.mp4": 1.0706232142857146,
  "JumpingJack__84B8D15544.mp4": -3.3509419642857132,
  "JumpingJack__871599BC8C.mp4": 2.7990580357142862,
  "JumpingJack__A2E48EE738.mp4": -5.256571428571428,
  "JumpingJack__A555392E40.mp4": -0.1565714285714277,
  "JumpingJack__AA0A8F59DF.mp4": -0.22074603174603102,
  "JumpingJack__AEBFB86DBB.mp4": -3.0244126984126978,
  "JumpingJack__B2EE81975E.mp4": -2.6910793650793647,
  "JumpingJack__C374FF8CB6.mp4": 1.2887900132275136,
  "JumpingJack__C4B83C078A.mp4": -1.7009419642857135,
  "JumpingJack__C4E37ED79A.mp4": 1.7990580357142867,
  "JumpingJack__DB2804555C.mp4": 1.643428571428573,
  "JumpingJack__E932285652.mp4": -4.756571428571428,
  "PullUps__143E0180F7.mp4": -0.320746031746031,
  "PullUps__1FCE66C9CE.mp4": 0.47558730158730206,
  "PullUps__20D44A580C.mp4": 4.1089206349206355,
  "PullUps__24C917A372.mp4": -2.211209986772486,
  "PullUps__396D383CD2.mp4": -1.1509419642857137,
  "PullUps__44A6BE899B.mp4": 2.449058035714286,
  "PullUps__549C32349C.mp4": 0.8434285714285723,
  "PullUps__5851DE3219.mp4": 0.5434285714285725,
  "PullUps__5E6BEB6158.mp4": 0.029253968253968532,
  "PullUps__60841D0D80.mp4": 4.075587301587302,
  "PullUps__6691BD66D4.mp4": 4.042253968253969,
  "PullUps__6F8F917E2D.mp4": 2.1221233465608473,
  "PullUps__76621C5EA2.mp4": 0.7990580357142867,
  "PullUps__79F3FA765E.mp4": 1.599058035714287,
  "PullUps__8E38D852CE.mp4": 1.7434285714285727,
  "PullUps__9AF11B5B6C.mp4": 3.0434285714285716,
  "PullUps__AE9B542F38.mp4": 0.4792539682539687,
  "PullUps__B8E14E74EC.mp4": 3.575587301587302,
  "PullUps__C224A83B82.mp4": 2.442253968253969,
  "PullUps__DD291EF9E5.mp4": -1.7445433201058194,
  "PullUps__E003CBE3E7.mp4": -0.7009419642857133,
  "PullUps__E263BBDD87.mp4": -0.9509419642857138,
  "PullUps__ECC5B7159E.mp4": -4.656571428571428,
  "PullUps__ED83343959.mp4": -0.3565714285714279,
  "PushUps__0093320D10.mp4": 3.679253968253969,
  "PushUps__08877B23D5.mp4": 4.142253968253969,
  "PushUps__317C5164DC.mp4": 3.5089206349206354,
  "PushUps__39322EC7F3.mp4": 1.8221233465608468,
  "PushUps__3B47DD6C44.mp4": -1.0009419642857134,
  "PushUps__4024D0E285.mp4": 1.7990580357142862,
  "PushUps__510F42A4DC.mp4": 3.143428571428573,
  "PushUps__6A42AB2DCE.mp4": 3.0434285714285716,
  "PushUps__6B3664B3F5.mp4": 3.179253968253969,
  "PushUps__6F3342B0C8.mp4": 3.4755873015873022,
  "PushUps__78C531420D.mp4": 1.6755873015873022,
  "PushUps__804AD882A8.mp4": 1.7554566798941806,
  "PushUps__81177C6CEF.mp4": 2.5490580357142867,
  "PushUps__82FC047CA6.mp4": 3.1490580357142863,
  "PushUps__83418AC2E2.mp4": 2.8434285714285723,
  "PushUps__8901318275.mp4": 1.3434285714285723,
  "PushUps__8EC91B0CDD.mp4": 3.679253968253969,
  "PushUps__9167C02A9F.mp4": 2.408920634920636,
  "PushUps__BC73F19D56.mp4": 0.6089206349206352,
  "PushUps__D32D0AE8FE.mp4": 0.422123346560847,
  "PushUps__E4F386333D.mp4": -4.150941964285713,
  "PushUps__EA8DC681B2.mp4": 2.949058035714287,
  "PushUps__F6BA5FD889.mp4": 3.143428571428573,
  "PushUps__F8D272D37C.mp4": 3.0434285714285716,
  "Shotput__165124B9AA.mp4": -4.320746031746031,
  "Shotput__1E028E8E60.mp4": 0.40892063492063535,
  "Shotput__1EC6A393C3.mp4": -0.7244126984126978,
  "Shotput__23E2168E3E.mp4": -2.077876653439153,
  "Shotput__2914259C5A.mp4": 1.4990580357142869,
  "Shotput__3B9E45D7CA.mp4": -1.7009419642857138,
  "Shotput__468EBCBADC.mp4": -1.7565714285714273,
  "Shotput__522008A25F.mp4": -3.4565714285714275,
  "Shotput__5AC21D6257.mp4": -3.0707460317460313,
  "Shotput__5AF393C1F8.mp4": -1.124412698412698,
  "Shotput__5CFF1911ED.mp4": -0.6910793650793646,
  "Shotput__6BF8AC0419.mp4": -3.8778766534391527,
  "Shotput__73A68F3E06.mp4": 0.2990580357142867,
  "Shotput__75DCBAB1AB.mp4": -0.9509419642857133,
  "Shotput__9DDB261574.mp4": -4.4565714285714275,
  "Shotput__A29F85EDF9.mp4": 0.5434285714285725,
  "Shotput__A8D298E032.mp4": -4.220746031746032,
  "Shotput__B41D8A10A6.mp4": 0.9089206349206354,
  "Shotput__C17396CAA0.mp4": -2.158333333333333,
  "Shotput__E523D6BF6C.mp4": -1.7885292658730156,
  "Shotput__F3E23C6EF4.mp4": 0.45468750000000036,
  "Shotput__F87B65A082.mp4": -3.3453124999999995,
  "Shotput__FD96A00600.mp4": 0.3434285714285723,
  "SoccerJuggling__07746EEA67.mp4": 0.5792539682539688,
  "SoccerJuggling__1202116ED0.mp4": 0.20892063492063517,
  "SoccerJuggling__15A2489964.mp4": -0.3083333333333331,
  "SoccerJuggling__196246B05D.mp4": 0.36147073412698427,
  "SoccerJuggling__1D8184510A.mp4": -0.34531249999999947,
  "SoccerJuggling__21D84C98FE.mp4": 3.254687500000001,
  "SoccerJuggling__43848FAC4C.mp4": -5.256571428571428,
  "SoccerJuggling__4C2DD1B8E9.mp4": 2.129253968253969,
  "SoccerJuggling__64479E6E4C.mp4": -2.424412698412698,
  "SoccerJuggling__6AA11769E2.mp4": -0.958333333333333,
  "SoccerJuggling__73AA3D9EC7.mp4": -1.3885292658730157,