{
    "SoccerJuggling__21D84C98FE": 1223.6070654658567,
    "JumpingJack__22579A4055": 2127.710076859086,
    "JumpingJack__8127FBF182": 730.7751614583335,
    "PullUps__1FCE66C9CE": 3459.4163963681176,
    "WallPushups__9FF6810722": 664.0897235966437,
    "ThrowDiscus__D4640006EB": 1337.9399659288194,
    "PullUps__6F8F917E2D": 293.63566757089126,
    "HulaHoop__8098819339": 1138.307866656591,
    "TennisSwing__20A30DDBA1": 705.5763758680555,
    "ThrowDiscus__1710B3FDF4": 1218.466206814236,
    "BodyWeightSquats__07050FC646": 3601.332614959232,
    "JumpingJack__84B8D15544": 1577.5743228972904,
    "PullUps__AE9B542F38": 1197.6251621160031,
    "SoccerJuggling__1D8184510A": 3280.4995782271244,
    "WallPushups__BDFCEC93E9": 2301.646986704024,
    "BodyWeightSquats__46F7E2CECC": 1681.327679217303,
    "PushUps__BC73F19D56": 920.4967044526144,
    "PullUps__6691BD66D4": 1746.1805586660882,
    "ThrowDiscus__3EEC099CCF": 445.4262296236478,
    "WallPushups__4D4B941D73": 1735.0072646368117,
    "PullUps__B8E14E74EC": 849.0935517514296,
    "BodyWeightSquats__2EFE33F25E": 1083.751361436632,
    "WallPushups__173E918CDE": 1312.808480517357,
    "SoccerJuggling__15A2489964": 1286.663875144676,
    "BodyWeightSquats__3A85F0CF92": 745.8241928359884,
    "PullUps__76621C5EA2": 3042.091261121962,
    "BodyWeightSquats__3E134F11A3": 1194.2585954622987,
    "BodyWeightSquats__4E63C96142": 2542.3590218680247,
    "WallPushups__44B693E50A": 1652.2480725911457,
    "PushUps__D32D0AE8FE": 3768.6427207031247,
    "SoccerJuggling__C69DC2BA95": 1930.3053056020585,
    "PullUps__ECC5B7159E": 2243.8282126774866,
    "TennisSwing__1455B75D53": 838.9956091971419,
    "HulaHoop__F5A132ACFA": 674.3560505216084,
    "JumpingJack__AEBFB86DBB": 1048.2097290867596,
    "JumpingJack__A555392E40": 778.4900076593137,
    "HulaHoop__17F60C05BB": 2410.105951218378,
    "WallPushups__3E5D065663": 1118.9140930095996,
    "ThrowDiscus__1843E37A60": 1196.0151093772095,
    "JumpingJack__DB2804555C": 2340.000721374788,
    "TennisSwing__E4A7E71228": 1947.949016268291,
    "TennisSwing__90567E5672": 1765.5527963789684,
    "PushUps__08877B23D5": 913.4280883629493,
    "ThrowDiscus__F97F74D4D2": 6277.128931525735,
    "BodyWeightSquats__950D98CBB2": 1978.735745391155,
    "PullUps__60841D0D80": 1820.028452654803,
    "SoccerJuggling__07746EEA67": 1839.9119679330065,
    "TennisSwing__3549D0A70E": 2887.9410531556373,
    "BodyWeightSquats__7BA453EC47": 1862.7578717086226,
    "SoccerJuggling__30A9F8D3C7": 1792.6752023848276,
    "TennisSwing__8AF842BDB8": 2179.5690120761847,
    "SoccerJuggling__64479E6E4C": 1643.4309890989275,
    "TennisSwing__33FF6F1D27": 4837.558509497549,
    "PushUps__83418AC2E2": 3872.893959650918,
    "TennisSwing__C15598BD67": 1647.6427549331906,
    "PushUps__3B47DD6C44": 3671.969761439732,
    "TennisSwing__E3A4C78EB1": 1846.1449526832218,
    "PullUps__20D44A580C": 1329.283614619502,
    "HulaHoop__8A2DCBFB9C": 6996.389375574448,
    "WallPushups__AAD1D21E45": 3623.1935206624717,
    "JumpingJack__4BCC8C5A61": 2737.504830512153,
    "PushUps__4024D0E285": 672.1010401108686,
    "ThrowDiscus__8B9F38F3A7": 685.6332165472108,
    "WallPushups__C8E77804B1": 308.6328356988829,
    "PullUps__549C32349C": 2797.1302277095733,
    "HulaHoop__F5696DABC6": 3891.6804722945603,
    "Shotput__F3E23C6EF4": 571.9540287905093,
    "HulaHoop__A319F9701C": 806.5076780960648,
    "SoccerJuggling__CB3D520DA5": 1134.1983767361112,
    "Shotput__6BF8AC0419": 5509.75712916156,
    "BodyWeightSquats__3C6B850879": 398.8490107996323,
    "JumpingJack__3362F62DDA": 1358.4540114379083,
    "ThrowDiscus__BCB8753179": 1393.61376226516,
    "TennisSwing__1BC805DEEB": 11436.137398258781,
    "TennisSwing__20114190FC": 1365.075983107899,
    "Shotput__A8D298E032": 1484.0338304307725,
    "Shotput__5AC21D6257": 2026.0272458999877,
    "Shotput__468EBCBADC": 2783.179358158716,
    "SoccerJuggling__A9C6C92F68": 1473.349914965047,
    "PullUps__396D383CD2": 1647.3262466724534,
    "TennisSwing__CCAD9840BD": 1003.3725386284722,
    "ThrowDiscus__F0CCD21DE1": 1562.0787106468565,
    "JumpingJack__A2E48EE738": 1489.0694381471662,
    "BodyWeightSquats__9D4632E78C": 3756.4311892361125,
    "ThrowDiscus__E6B6A44D70": 774.8067454342388,
    "PushUps__510F42A4DC": 1942.889471209491,
    "HulaHoop__A9F75EB4A4": 1241.4315609478845,
    "HulaHoop__11F2AFE9B8": 4491.146640242035,
    "Shotput__73A68F3E06": 505.7231196108218,
    "TennisSwing__37087327FC": 3705.4574074033158,
    "WallPushups__E8E9E49C94": 222.86947479938488,
    "Shotput__FB0C1D334F": 1197.1900633318867,
    "TennisSwing__DC3160FCF9": 418.6424156198938,
    "Shotput__9DDB261574": 1503.9339991978238,
    "JumpingJack__1B76F9CB06": 4133.862520680147,
    "ThrowDiscus__E640271639": 1125.392287037037,
    "BodyWeightSquats__8BAB8EED20": 2676.454002885009,
    "JumpingJack__AA0A8F59DF": 1808.3424828941988,
    "TennisSwing__840EBC734B": 808.1748754340277,
    "ThrowDiscus__F5CFC43072": 3182.6692925347224,
    "WallPushups__AA9E91AC78": 7755.734967064949,
    "PushUps__6B3664B3F5": 2795.825425889757,
    "HulaHoop__9536E9BBD0": 1655.6850873161764,
    "SoccerJuggling__946C23E28D": 1839.5909088272856,
    "BodyWeightSquats__28A4946E59": 1394.279460786155,
    "Shotput__A29F85EDF9": 4822.19782079759,
    "SoccerJuggling__9A9D2BCB8F": 2977.6518045343137,
    "Shotput__C17396CAA0": 835.2028913483796,
    "BodyWeightSquats__EC084551C5": 2165.940169561477,
    "PushUps__F6BA5FD889": 3315.7007327532874,
    "SoccerJuggling__43848FAC4C": 1665.304691859654,
    "HulaHoop__3CBCCCE0EE": 1307.4533347477989,
    "SoccerJuggling__9346991BA9": 1208.5739389825192,
    "HulaHoop__2F4DB381FF": 2642.562529743668,
    "Shotput__165124B9AA": 1203.5048644050719,
    "WallPushups__374C6526A1": 4115.947424994574,
    "TennisSwing__C825352683": 1377.4527335431133,
    "JumpingJack__E932285652": 2460.836672828311,
    "PushUps__78C531420D": 2202.1237061515685,
    "PushUps__EA8DC681B2": 234.4232807393791,
    "HulaHoop__F7F4699D72": 5395.441467141543,
    "PushUps__82FC047CA6": 3795.8521320891205,
    "SoccerJuggling__73AA3D9EC7": 1522.5170831886571,
    "HulaHoop__7E779AAD26": 3465.5241043709148,
    "BodyWeightSquats__F5C8FFE984": 376.2572038055006,
    "SoccerJuggling__6AA11769E2": 350.7991998570261,
    "BodyWeightSquats__95848F0A36": 1885.5504014756946,
    "BodyWeightSquats__DA460A8AB0": 3255.677293565538,
    "PullUps__5E6BEB6158": 1313.4571589819448,
    "BodyWeightSquats__AA790FD5D9": 1919.3995742698123,
    "JumpingJack__405DB1D9B9": 3985.6822180095996,
    "BodyWeightSquats__29465E587A": 411.76890170412366,
    "Shotput__1E028E8E60": 3090.9529374744693,
    "PushUps__317C5164DC": 15702.99724526186,
    "SoccerJuggling__78D27056A6": 2450.842045572916,
    "HulaHoop__630421D3AA": 1922.2642010059233,
    "SoccerJuggling__4C2DD1B8E9": 1959.9157992621526,
    "JumpingJack__C4E37ED79A": 1394.3698658130786,
    "BodyWeightSquats__BA7B377EFE": 890.4858308738425,
    "WallPushups__79D75D95ED": 1518.557641927083,
    "WallPushups__513D8F902E": 1683.1832097077547,
    "JumpingJack__45AAA1F4D2": 514.1819892514297,
    "JumpingJack__C374FF8CB6": 1417.4577981409143,
    "PullUps__ED83343959": 28.190545726102936,
    "ThrowDiscus__76D1727A9D": 928.9959906045751,
    "WallPushups__E5D558A130": 923.0158079299426,
    "WallPushups__862DDBECA0": 1195.4942209201388,
    "BodyWeightSquats__EF01742FC4": 2794.40530250186,
    "Shotput__5AF393C1F8": 1943.0055755130827,
    "WallPushups__200DE05CE1": 544.2014127604166,
    "WallPushups__08E61004AC": 111.03813923969528,
    "ThrowDiscus__19C4E7D64A": 1032.8375084286645,
    "Shotput__FD96A00600": 83.607364940768,
    "ThrowDiscus__A76A0EB406": 1851.243201461227,
    "TennisSwing__A3791D8AED": 1167.9324416769036,
    "PushUps__6F3342B0C8": 4857.049877278647,
    "JumpingJack__7EF4D29373": 2230.758608863467,
    "PullUps__E003CBE3E7": 2402.309309217665,
    "PullUps__E263BBDD87": 1392.850133017888,